English,Original,Seq2Seq,Attention
anri,অঁরি,অন্রী,অঁরি
ongsagrohonkari,অংশগ্রহনকারী,অংশগ্রহণকারী,অংশগ্রহনকারী
akshorgulo,অক্ষরগুলো,এক্ষরগুলো,অক্ষরগুলো
aksorgulo,অক্ষরগুলো,এক্সরগুলো,অক্ষরগুলো
akkhare,অক্ষরে,আক্ষারে,অক্ষরে
akkhorey,অক্ষরে,আক্ষরে,অক্ষরে
aksaforda,অক্সফোর্ড,এক্সফোর্ড,অক্সফোর্ড
aksaphoorda,অক্সফোর্ড,এক্সফোর্ড,অক্সফোর্ড
ooxfoord,অক্সফোর্ড,অক্সপোর্ড,অক্সফোর্ড
okshphorder,অক্সফোর্ডের,অক্সপোর্ডের,অক্সফোর্ডের
akhando,অখণ্ড,অখন্দ,অখণ্ড
okhondo,অখণ্ড,অখন্দ,অখণ্ড
aukhandota,অখন্ডতা,অখন্দতা,অখন্ডতা
ajaanta,অজন্তা,অজন্ত,অজন্তা
ojanta,অজন্তা,অজান্ত,অজন্তা
ajantar,অজন্তার,অজন্তর,অজন্তার
awejontar,অজন্তার,অভেযন্তর,অজন্তার
ojontar,অজন্তার,অজন্তর,অজন্তার
ajantei,অজান্তেই,আজন্তেই,অজান্তেই
aunchal,অঞ্চল,আঞ্চল,অঞ্চল
oncholyi,অঞ্চলই,অঞ্চল্যী,অঞ্চলই
oncoli,অঞ্চলই,অঞ্চলী,অঞ্চলই
otbir,অটবির,অত্বীর,অটবির
otobir,অটবির,অতবীর,অটবির
autocad,অটোক্যাড,অটোকাদ,অটোক্যাড
odit,অডিট,অদিত,অডিট
aditara,অডিটর,অদিতার,অডিটর
auditor,অডিটর,অদিতর,অডিটর
awtorkito,অতর্কিত,অওটররককিট,অতর্কিত
atite,অতীতে,এতিতে,অতীতে
oteete,অতীতে,অটিতে,অতীতে
otitey,অতীতে,অতিতে,অতীতে
oto,অতো,ওত,অতো
atyachar,অত্যাচার,অত্যচ্চার,অত্যাচার
ottachar,অত্যাচার,অত্তাচার,অত্যাচার
otyachare,অত্যাচারে,অট্যচচারে,অত্যাচারে
atyabassok,অত্যাবশ্যক,অত্যবস্ক,অত্যাবশ্যক
ottabassok,অত্যাবশ্যক,অত্তাবাসক,অত্যাবশ্যক
ottabassyak,অত্যাবশ্যক,অত্তবস্যক,অত্যাবশ্যক
otyabassyok,অত্যাবশ্যক,অত্যবাস্যক,অত্যাবশ্যক
otyabasyak,অত্যাবশ্যক,অত্যবাস্যক,অত্যাবশ্যক
atro,অত্র,আত্র,অত্র
adbhutbhabe,অদ্ভুতভাবে,অভ্ভুতভাবে,অদ্ভুতভাবে
adbhutbhabey,অদ্ভুতভাবে,অভ্ভুতভাবে,অদ্ভুতভাবে
adbhutvabey,অদ্ভুতভাবে,অভ্যুতভাবে,অদ্ভুতভাবে
advutbhabey,অদ্ভুতভাবে,অধ্বতভাবে,অদ্ভুতভাবে
adhikaron,অধিকরণ,অধিকারণ,অধিকরণ
odhikaron,অধিকরণ,অধিকারণ,অধিকরণ
odhikarta,অধিকর্তা,অধিকার্ত,অধিকর্তা
adhunalupta,অধুনালুপ্ত,আধুনালপুত্````````,অধুনালুপ্ত
anannya,অনন্য,অন্যান্য,অনন্য
anannyo,অনন্য,অনন্যা,অনন্য
anannata,অনন্যতা,অনন্নতা,অনন্যতা
onupat,অনুপাত,অনুপত,অনুপাত
anupate,অনুপাতে,অনুপতে,অনুপাতে
onupate,অনুপাতে,অনুপতে,অনুপাতে
onupunkho,অনুপুঙ্খ,অনুপংখ্য,অনুপুঙ্খ
anaitik,অনৈতিক,অনৈততিক,অনৈতিক
antarvukti,অন্তর্ভুক্তি,অন্তর্ভূক্তি,অন্তর্ভুক্তি
antorbhukti,অন্তর্ভুক্তি,অন্তর্ভূক্তি,অন্তর্ভুক্তি
antorbhuktir,অন্তর্ভুক্তির,অন্তর্ভূক্তির,অন্তর্ভুক্তির
antorvuktir,অন্তর্ভুক্তির,অন্তর্ভূক্তির,অন্তর্ভুক্তির
antu,অন্তু,অ্যান্টু,অন্তু
opodoshtho,অপদস্থ,অপদ্্ত,অপদস্থ
aporuupaa,অপরূপা,অপরুপা,অপরূপা
aparag,অপারগ,অপরাগ,অপারগ
aparog,অপারগ,অপরাগ,অপারগ
apraatistthanik,অপ্রাতিষ্ঠানিক,অপ্রতিষ্ঠানিক,অপ্রাতিষ্ঠানিক
aprathishthhanik,অপ্রাতিষ্ঠানিক,অপ্রািষ্ঠানিক,অপ্রাতিষ্ঠানিক
opraatistthanik,অপ্রাতিষ্ঠানিক,অপ্রতিষ্ঠানিক,অপ্রাতিষ্ঠানিক
abatarer,অবতারের,অবতরের,অবতারের
obotarer,অবতারের,অবতরের,অবতারের
abos,অবশ,আবস,অবশ
abasar,অবসর,আবসার,অবসর
abasarbhata,অবসরভাতা,অবসরভাট,অবসরভাতা
obosthatei,অবস্থাতেই,অবস্থাটেই,অবস্থাতেই
abasthantor,অবস্থান্তর,অবস্থানটতর,অবস্থান্তর
abosthantor,অবস্থান্তর,অবস্থানটতর,অবস্থান্তর
abosha,অবস্হা,অবশ্য,অবস্হা
abanijjik,অবাণিজ্যিক,অবনিজ্যিক,অবাণিজ্যিক
abanijyok,অবাণিজ্যিক,অবনিজ্যক,অবাণিজ্যিক
avidhanti,অভিধানটি,অভিধনটি,অভিধানটি
abhinita,অভিনীত,অভিনিত,অভিনীত
obheenita,অভিনীত,অভিনিত,অভিনীত
obheenito,অভিনীত,অভিনিত,অভিনীত
obhinito,অভিনীত,অভিনিত,অভিনীত
ovineeto,অভিনীত,অভিনিত,অভিনীত
ovinito,অভিনীত,অভিনিত,অভিনীত
abheeneta,অভিনেতা,অভিনেত,অভিনেতা
abhineta,অভিনেতা,অভিনেট,অভিনেতা
abheenetader,অভিনেতাদের,অভিনেতদের,অভিনেতাদের
abhinetader,অভিনেতাদের,অভিনেতদের,অভিনেতাদের
avinetara,অভিনেতারা,অভিনেতার,অভিনেতারা
oveddyo,অভেদ্য,ওভেদ্য,অভেদ্য
ovedyo,অভেদ্য,ওভেদ্য,অভেদ্য
amni,অমনি,আমনি,অমনি
omor,অমর,ওমর,অমর
omorotto,অমরত্ব,অমরত্ত,অমরত্ব
arijan,অরিজিন,অরিজা,অরিজিন
origan,অরিজিন,অরিগান,অরিজিন
original,অরিজিনাল,অরিগিনাল,অরিজিনাল
alonkarone,অলঙ্করণে,অলঙকরণে,অলঙ্করণে
alngkoroner,অলঙ্করণের,অলংকরণের,অলঙ্করণের
alimpiksa,অলিম্পিক্স,অলিমিক্স,অলিম্পিক্স
alimpiksha,অলিম্পিক্স,অলিমিক্কা,অলিম্পিক্স
alimpiqsa,অলিম্পিক্স,আলিমিক্স,অলিম্পিক্স
olympics,অলিম্পিক্স,অলিমিক্স,অলিম্পিক্স
ashlil,অশ্লীল,অসলিল,অশ্লীল
asleel,অশ্লীল,আসলিল,অশ্লীল
osleel,অশ্লীল,অসলিল,অশ্লীল
ashlilata,অশ্লীলতা,অস্লিলত,অশ্লীলতা
asleelota,অশ্লীলতা,অস্লেল,অশ্লীলতা
oslilota,অশ্লীলতা,অস্লিলতা,অশ্লীলতা
ashlilatar,অশ্লীলতার,অস্লিলতার,অশ্লীলতার
oshlilotar,অশ্লীলতার,অস্লিটার,অশ্লীলতার
ashachetanata,অসচেতনতা,অসচেতনাতঃ,অসচেতনতা
asochetonta,অসচেতনতা,অসচেনতন্ত,অসচেতনতা
asatorkotar,অসতর্কতার,অসাতরকাতার,অসতর্কতার
ashatarkotar,অসতর্কতার,অসাতারকতার,অসতর্কতার
asantoser,অসন্তোষের,অসন্তঃসের,অসন্তোষের
osontoser,অসন্তোষের,অসন্তঃসের,অসন্তোষের
ashamatal,অসমতল,আসমাতল,অসমতল
asamartha,অসমর্থ,অসমরর্থ,অসমর্থ
ashamartho,অসমর্থ,অসমার্থ,অসমর্থ
asammato,অসম্মত,অসমমমত,অসম্মত
ashammata,অসম্মত,অসমমমাতা,অসম্মত
asaha,অসহ,অসাহ,অসহ
asamajik,অসামাজিক,অসমাজিক,অসামাজিক
oshamajik,অসামাজিক,অশামাজিক,অসামাজিক
ostheesandhite,অস্থিসন্ধিতে,অস্থিনন্ধিতে,অস্থিসন্ধিতে
ostheesandhir,অস্থিসন্ধির,অস্থিনন্ধির,অস্থিসন্ধির
ahongkari,অহংকারী,আহঙকারী,অহংকারী
ahangkarer,অহংকারের,আহংকারের,অহংকারের
ohongkarer,অহংকারের,অহংকরের,অহংকারের
aabaar,অাবার,আবার,অাবার
aabar,অাবার,আবার,অাবার
adminishtration,অ্যাডমিনিস্ট্রেশন,আডমিন্ডিস্টেরন,অ্যাডমিনিস্ট্রেশন
admistreshon,অ্যাডমিনিস্ট্রেশন,অ্যাড্ম্ট্রসেটন,অ্যাডমিনিস্ট্রেশন
ayadaministreshana,অ্যাডমিনিস্ট্রেশন,অ্যাডমিনিস্টেরন,অ্যাডমিনিস্ট্রেশন
ameeno,অ্যামিনো,এমিনো,অ্যামিনো
amino,অ্যামিনো,আমিন,অ্যামিনো
aminoo,অ্যামিনো,অমিনু,অ্যামিনো
alan,অ্যালেন,আলন,অ্যালেন
alen,অ্যালেন,আলেন,অ্যালেন
aandre,আঁদ্রে,আন্দ্রে,আঁদ্রে
andre,আঁদ্রে,আন্দ্রে,আঁদ্রে
igp,আইজিপি,এগপি,আইজিপি
aiteem,আইটেম,এটিম,আইটেম
aitem,আইটেম,এইতেম,আইটেম
iteem,আইটেম,ইতিম,আইটেম
epie,আইপিএ,এপিই,আইপিএ
ipley,আইপিএলে,ইপলে,আইপিএলে
aipieler,আইপিএলের,অ্যাপিলের,আইপিএলের
aisa,আইস,আইএসএ,আইস
aish,আইস,আইশ,আইস
esa,আইস,এস,আইস
ice,আইস,ইস,আইস
aaeeslyand,আইসল্যান্ড,অস্ল্যান্ড,আইসল্যান্ড
iceland,আইসল্যান্ড,ইসলাযান্ড,আইসল্যান্ড
aisalyandika,আইসল্যান্ডিক,আস্লালন্দিক,আইসল্যান্ডিক
aisalyandiqa,আইসল্যান্ডিক,আস্লালন্দিক,আইসল্যান্ডিক
icelendic,আইসল্যান্ডিক,ইসাইন্ডিক্ক,আইসল্যান্ডিক
aaislyande,আইসল্যান্ডে,অস্ল্যান্ডে,আইসল্যান্ডে
aaeeseeser,আইসিসের,আইজেসের,আইসিসের
aaiseeser,আইসিসের,আইসেসের,আইসিসের
isiser,আইসিসের,এসির,আইসিসের
aeshotop,আইসোটোপ,আশততপ,আইসোটোপ
aesotop,আইসোটোপ,আসতাপ,আইসোটোপ
iizootoop,আইসোটোপ,ইউজিটপ,আইসোটোপ
ishotope,আইসোটোপ,ইসতাপে,আইসোটোপ
isootoope,আইসোটোপ,ইসুটপ,আইসোটোপ
isotope,আইসোটোপ,ইসতাপে,আইসোটোপ
aklima,আকলিমা,একলিমা,আকলিমা
aakeel,আকিল,একেল,আকিল
akeel,আকিল,একেল,আকিল
aga,আজা,আগা,আজা
ajijke,আজিজকে,অজিকে,আজিজকে
atta,আটটা,আটাা,আটটা
atmaghati,আত্মঘাতী,আত্মগতি,আত্মঘাতী
atmoghati,আত্মঘাতী,আত্মগতি,আত্মঘাতী
atmovishvaser,আত্মবিশ্বাসের,আত্মবিভাসের,আত্মবিশ্বাসের
attoshommanbodh,আত্মসম্মানবোধ,আত্মসমম্বধ,আত্মসম্মানবোধ
atmik,আত্মিক,আত্মীক,আত্মিক
aanta,আন্ত,আঁতা,আন্ত
aanto,আন্ত,আ্যান্ত,আন্ত
anta,আন্ত,অন্ত,আন্ত
anto,আন্ত,অ্যান্ত,আন্ত
antar,আন্তর,অন্তর,আন্তর
antor,আন্তর,অন্তর,আন্তর
andamaner,আন্দামানে,আন্দমানের,আন্দামানে
aaphsaarii,আফসারী,আফ্ারী,আফসারী
aphsari,আফসারী,অফরী,আফসারী
abdus,আবদুস,আবদুশ,আবদুস
abudhabi,আবুধাবি,অবুধাবী,আবুধাবি
aamina,আমিনা,আমিন,আমিনা
amina,আমিনা,আমিন,আমিনা
aminake,আমিনাকে,অমিনাকে,আমিনাকে
aminakey,আমিনাকে,অমিনাকে,আমিনাকে
amu,আমু,এমু,আমু
ameeje,আমেজে,আমিজে,আমেজে
ameje,আমেজে,অ্যামেজ,আমেজে
americate,আমেরিকাতে,অমেরিকাতে,আমেরিকাতে
americatey,আমেরিকাতে,অমেরিকাতে,আমেরিকাতে
arsho,আরশ,অর্ষ,আরশ
arakane,আরাকানে,আরককে,আরাকানে
aru,আরু,অরু,আরু
architectural,আর্কিটেকচারাল,আর্কিটেক্চার্ল,আর্কিটেকচারাল
architeectural,আর্কিটেকচারাল,আর্কিটিক্যাক্ল,আর্কিটেকচারাল
argentinakey,আর্জেন্টিনাকে,অর্গেন্টিকেক,আর্জেন্টিনাকে
artilleryir,আর্টিলারির,অর্টিলারির,আর্টিলারির
aarthur,আর্থার,আর্থুর,আর্থার
arthar,আর্থার,অর্থার,আর্থার
arthara,আর্থার,অর্থরা,আর্থার
arthur,আর্থার,অর্থুর,আর্থার
orthur,আর্থার,অর্থুর,আর্থার
arjo,আর্য,অর্জ,আর্য
arjogon,আর্যগণ,অর্যোগণ,আর্যগণ
arjader,আর্যদের,অর্জাদের,আর্যদের
arjoder,আর্যদের,অর্যদের,আর্যদের
aalkatraar,আলকাতরার,আল্কত্রার,আলকাতরার
aalkatrar,আলকাতরার,আল্কত্রার,আলকাতরার
alkatrar,আলকাতরার,আল্কত্রার,আলকাতরার
albarto,আলবার্তো,আলবার্ত,আলবার্তো
alberto,আলবার্তো,আলবার্ত,আলবার্তো
alexandarer,আলেকজান্ডারের,আলেকসন্ডার,আলেকজান্ডারের
alexander,আলেকজান্ডারের,আলেকসন্দের,আলেকজান্ডারের
asongkar,আশঙ্কার,অসংকার,আশঙ্কার
ashankita,আশঙ্কিত,অসংক্ত,আশঙ্কিত
ashankito,আশঙ্কিত,অশংক্তি,আশঙ্কিত
asaf,আসফ,আসাফ,আসফ
ashoph,আসফ,অসফ,আসফ
ashorti,আসরটি,আশরটি,আসরটি
asare,আসরে,আসারে,আসরে
asarey,আসরে,আসারে,আসরে
ashore,আসরে,অশরে,আসরে
asore,আসরে,অসরে,আসরে
aashorer,আসরের,আশরের,আসরের
ashorer,আসরের,অশরের,আসরের
asorer,আসরের,অসরের,আসরের
asipher,আসিফের,আসীফের,আসিফের
ashim,আসিম,অসীম,আসিম
asim,আসিম,অসীম,আসিম
ahonafer,আহনাফের,অহনাফের,আহনাফের
ahuto,আহূত,আহুত,আহূত
englishye,ইংলিশে,ইংলিস্যে,ইংলিশে
unitey,ইউনিটে,ইউনিতে,ইউনিটে
ooniversal,ইউনিভার্সাল,অনিভার্সল,ইউনিভার্সাল
uneeversal,ইউনিভার্সাল,ইউনিভার্সল,ইউনিভার্সাল
unesco,ইউনেসকো,উনেস্ক,ইউনেসকো
yousafzai,ইউসুফজাই,যৌসাফ্যে,ইউসুফজাই
yusoof,ইউসূফ,ইউসুফ,ইউসূফ
yusuf,ইউসূফ,ইউসুফ,ইউসূফ
iqbal,ইকবাল,একবাল,ইকবাল
enginiir,ইঞ্জিনিয়ার,এঙ্গিনীর,ইঞ্জিনিয়ার
eedeen,ইডেন,ঈডিন,ইডেন
eid,ইদ,ঈড,ইদ
eendex,ইনডেক্স,ইন্ডেক্স,ইনডেক্স
inadeqsa,ইনডেক্স,ইনাদেক্স,ইনডেক্স
inastitiusana,ইনস্টিটিউশন,ইনস্টিসিউশন,ইনস্টিটিউশন
inspector,ইনস্পেক্টর,ইন্সপেক্টর,ইনস্পেক্টর
indush,ইন্দাস,ইন্ডাস,ইন্দাস
yaung,ইয়ং,যাং,ইয়ং
yaunj,ইয়ং,যঞ্জ,ইয়ং
irankay,ইরানকে,ইরাঙকে,ইরানকে
irankey,ইরানকে,ইরণকে,ইরানকে
eeraneo,ইরানেও,এরানেও,ইরানেও
iraaneo,ইরানেও,ইরাণেও,ইরানেও
ilinaye,ইলিনয়ে,এলিন়ান,ইলিনয়ে
ilinayee,ইলিনয়ে,এলিনয়ে,ইলিনয়ে
ishta,ইস্ট,ইষ্ট,ইস্ট
ishtrozen,ইস্ট্রোজেন,ইস্টোরজেন,ইস্ট্রোজেন
estrogener,ইস্ট্রোজেনের,এস্টোরেজের,ইস্ট্রোজেনের
ehoramer,ইহরামের,আহরামের,ইহরামের
ooeenslet,উইন্সলেট,ইউন্সলেট,উইন্সলেট
ooinslet,উইন্সলেট,ইউন্সলেট,উইন্সলেট
winslet,উইন্সলেট,ভিন্সলিট,উইন্সলেট
wook,উক,ভুক,উক
utthapon,উত্থাপন,উৎ্াপন,উত্থাপন
udarer,উদরের,উদারের,উদরের
uddesshe,উদ্দ্যেশ্যে,উদ্দেশ্যে,উদ্দ্যেশ্যে
uddyeshye,উদ্দ্যেশ্যে,উদ্দেশ্যে,উদ্দ্যেশ্যে
udbigno,উদ্বিগ্ন,উদ্বিগ্ণ,উদ্বিগ্ন
udwignota,উদ্বিগ্নতা,উদ্বীগ্ঞতা,উদ্বিগ্নতা
udbignatar,উদ্বিগ্নতার,উদ্বিদ্ঞতার,উদ্বিগ্নতার
udvijjo,উদ্ভিজ্জ,উদ্ভীজ্য,উদ্ভিজ্জ
uparashtrapoti,উপরাষ্ট্রপতি,উপারস্তাপটি,উপরাষ্ট্রপতি
uporashtropoti,উপরাষ্ট্রপতি,উপরস্তাপটি,উপরাষ্ট্রপতি
upostheetio,উপস্থিতিও,উপস্থিত,উপস্থিতিও
upacharzer,উপাচার্যের,উপারচর্যের,উপাচার্যের
uparzonkarii,উপার্জনকারী,উপর্যনকারী,উপার্জনকারী
ubhachar,উভচর,উভচার,উভচর
ubhochar,উভচর,উচ্চার,উভচর
ubhochor,উভচর,উচ্চর,উভচর
uvochar,উভচর,উচভার,উভচর
umed,উমেদ,উমেড,উমেদ
ulamaagon,উলামাগণ,উলমাগণ,উলামাগণ
wooler,উলের,ওললের,উলের
ujhha,উহ্য,উজ্া,উহ্য
utkantha,উৎকণ্ঠা,উৎকান্ঠা,উৎকণ্ঠা
utkanthita,উৎকণ্ঠিত,উৎকান্থিত,উৎকণ্ঠিত
utkanthito,উৎকণ্ঠিত,উৎকান্থিত,উৎকণ্ঠিত
utkonthito,উৎকণ্ঠিত,উৎকন্ঠিত,উৎকণ্ঠিত
utsahei,উৎসাহেই,উত্সহেই,উৎসাহেই
utsaher,উৎসাহের,উত্সাহের,উৎসাহের
age,এইজ,আগে,এইজ
aje,এইজ,আজে,এইজ
ekokke,একককে,এককে,একককে
ekokkey,একককে,এককে,একককে
ekjot,একজোট,একজত,একজোট
ekzot,একজোট,একজত,একজোট
aktana,একটানা,একতানা,একটানা
ektana,একটানা,একটান,একটানা
ekdalaa,একডালা,একদলা,একডালা
ica,একা,ইক,একা
akem,একেএম,একেম,একেএম
akm,একেএম,একম,একেএম
advocate,এডভোকেট,অ্যাডভোকেট,এডভোকেট
eduti,এদুটি,এডুটি,এদুটি
ederi,এদেরই,এডররি,এদেরই
encryption,এনক্রিপশন,এন্ারোপিকশন,এনক্রিপশন
ebhareshta,এভারেস্ট,ইভারেস্ট,এভারেস্ট
avaraster,এভারেস্টের,অভরাস্টার,এভারেস্টের
mitir,এমআইটির,মিটির,এমআইটির
emeseye,এমএসআই,এমেসে,এমএসআই
emontao,এমনটাও,এমন্াও,এমনটাও
mbr,এমবির,মিবির,এমবির
mca,এমসিএ,মিকা,এমসিএ
aircraft,এয়ারক্রাফট,আই়ার্কফার্ট,এয়ারক্রাফট
aircrapht,এয়ারক্রাফট,আই়ার্কফ্রেট,এয়ারক্রাফট
ercraft,এয়ারক্রাফট,আর্কোরফাট,এয়ারক্রাফট
eyarakrafata,এয়ারক্রাফট,ইই়ারক্রোট,এয়ারক্রাফট
iyarakraphata,এয়ারক্রাফট,ইয়ারক্রাফট,এয়ারক্রাফট
erpoorbe,এরপূর্বে,এরপর্বে,এরপূর্বে
ershad,এরশাদ,এরসাদ,এরশাদ
irshader,এরশাদের,ঈর্ষদদের,এরশাদের
alcoholer,এলকোহলের,অল্লকহলের,এলকোহলের
elapiji,এলপিজি,এলাপিজী,এলপিজি
elpiji,এলপিজি,এলপিজী,এলপিজি
ilapiji,এলপিজি,এলাপিজী,এলপিজি
lpj,এলপিজি,ল্পজ,এলপিজি
elakagulotay,এলাকাগুলোতে,এলোকাগুলোতে,এলাকাগুলোতে
elakaata,এলাকাটা,এলাকাতা,এলাকাটা
elakaatite,এলাকাটিতে,এলাকাতিতে,এলাকাটিতে
elakatite,এলাকাটিতে,এলাকাতিতে,এলাকাটিতে
elakatitey,এলাকাটিতে,এলাকাতিতে,এলাকাটিতে
elija,এলিজা,এলিজ,এলিজা
eliza,এলিজা,এলিজ,এলিজা
esechhilo,এসেছিলো,এসেছিল,এসেছিলো
oiteejyou,ঐতিহ্যও,ঐতিযোদ্যু,ঐতিহ্যও
oitijhyao,ঐতিহ্যও,ঐতিহ্যাও,ঐতিহ্যও
oitijjoke,ঐতিহ্যকে,ঐতিজ্যকে,ঐতিহ্যকে
oitijjhagato,ঐতিহ্যগত,ঐতিহ্যজগত,ঐতিহ্যগত
oitijjhogato,ঐতিহ্যগত,ঐতিহ্যজগত,ঐতিহ্যগত
oak,ওক,ওকাক,ওক
wadaen,ওয়ার্ডেন,ওয়েডেন,ওয়ার্ডেন
vashing,ওয়াশিং,ভাসিং,ওয়াশিং
wasing,ওয়াশিং,বাসিং,ওয়াশিং
oyelasha,ওয়েলশ,ওয়েলস,ওয়েলশ
wahab,ওহাব,ওয়াব,ওহাব
wahaber,ওহাবের,ওযাহবের,ওহাবের
auddhatto,ঔদ্ধত্য,অদ্ধতত্ব,ঔদ্ধত্য
auddhatyo,ঔদ্ধত্য,অধ্যতত্ব,ঔদ্ধত্য
ouddhatya,ঔদ্ধত্য,অদাধ্যত্য,ঔদ্ধত্য
ouddhatyer,ঔদ্ধত্যের,উদ্ধত্যের,ঔদ্ধত্যের
ouroshe,ঔরসে,অরোষে,ঔরসে
kongsh,কংশ,কংস,কংশ
kongsho,কংশ,কংস,কংশ
konso,কংশ,কংস,কংশ
konchee,কঞ্চি,কোঁচি,কঞ্চি
kanchir,কঞ্চির,কাঞ্চির,কঞ্চির
kanagulor,কণাগুলোর,কানাগুলোর,কণাগুলোর
konagulor,কণাগুলোর,কোনাগুলোর,কণাগুলোর
kodoma,কদমা,কোদমা,কদমা
kadarja,কদর্য,কাদর্্য,কদর্য
konbharson,কনভার্সন,কন্ভর্ষণ,কনভার্সন
qanabharsana,কনভার্সন,কনভারসন,কনভার্সন
kanabhenasana,কনভেনশন,কনভানেশন,কনভেনশন
kanabhenashhana,কনভেনশন,কনভেবনস,কনভেনশন
copototar,কপটতার,কপটার,কপটতার
kapatatar,কপটতার,কপাটার,কপটতার
kobjir,কবজির,কব্জির,কবজির
kobootor,কবুতর,কবুটর,কবুতর
kommabe,কমাবে,কমম্বে,কমাবে
kamaley,কমালে,কামালে,কমালে
komaley,কমালে,কোমালে,কমালে
kome,কমে,কম,কমে
komeo,কমেও,কমিও,কমেও
kompoo,কম্প,কম্পু,কম্প
corporationey,করপোরেশনে,কর্পোরেশন,করপোরেশনে
corporationer,করপোরেশনের,কর্পোরেশনের,করপোরেশনের
karunar,করুণার,কারুনার,করুণার
karoti,করোটি,করতি,করোটি
koroti,করোটি,করতি,করোটি
karotir,করোটির,কারতির,করোটির
karmokando,কর্মকাণ্ড,কর্মকান্ড,কর্মকাণ্ড
kormokaando,কর্মকাণ্ড,কর্মকান্দ,কর্মকাণ্ড
kormokaandoi,কর্মকাণ্ডই,কর্মকান্ডই,কর্মকাণ্ডই
kormokandoyi,কর্মকাণ্ডই,কর্মকান্ডই,কর্মকাণ্ডই
karmakandoke,কর্মকাণ্ডকে,কর্মকান্ডকে,কর্মকাণ্ডকে
karmakandey,কর্মকাণ্ডে,কর্মকান্ডে,কর্মকাণ্ডে
kormokande,কর্মকাণ্ডে,কর্মকান্ডে,কর্মকাণ্ডে
karmoker,কর্মকার,কর্মকের,কর্মকার
karmasuchi,কর্মসুচি,কর্মসূচী,কর্মসুচি
karmosuchi,কর্মসুচি,কর্মসূচী,কর্মসুচি
karmaa,কর্মা,কারমা,কর্মা
qarma,কর্মা,কারমা,কর্মা
kalkarkhanar,কলকারখানার,কালকরর্ণার,কলকারখানার
kolkarkhanar,কলকারখানার,কোলকার্ণার,কলকারখানার
colingwood,কলিংউড,কলিঙ্গদ,কলিংউড
calle,কলে,কললে,কলে
kole,কলে,কোল,কলে
koleze,কলেজে,কলেজ,কলেজে
kashtakor,কষ্টকর,কাষ্টাকর,কষ্টকর
koshtokor,কষ্টকর,কোষ্টকর,কষ্টকর
kasrot,কসরত,কাসরত,কসরত
kosrot,কসরত,কষৎরত,কসরত
koshovo,কসোভো,কশভ,কসোভো
kosobha,কসোভো,কোষভা,কসোভো
kosova,কসোভো,কসভা,কসোভো
kankan,কাঁকন,কঙ্কন,কাঁকন
kankon,কাঁকন,কঙ্কন,কাঁকন
kandane,কাঁদানে,কন্ডানে,কাঁদানে
kandaney,কাঁদানে,কন্দানে,কাঁদানে
kaakeena,কাকিনা,কাকেন,কাকিনা
kakeena,কাকিনা,ককিন,কাকিনা
katto,কাটতো,কাট্য,কাটতো
kander,কাণ্ডের,কান্ডের,কাণ্ডের
kantar,কান্তার,কাঁতার,কান্তার
kafera,কাফের,কাফেরা,কাফের
kaffir,কাফের,কফির,কাফের
kaphara,কাফের,কাফর,কাফের
kapheera,কাফের,কফিরা,কাফের
kaphera,কাফের,কফেরা,কাফের
kaphphir,কাফের,কফির,কাফের
qaphera,কাফের,কাফেরা,কাফের
kaaferraa,কাফেররা,কাফেরা,কাফেররা
kama,কামা,কম,কামা
kaaraamat,কারামত,কারামাত,কারামত
karammot,কারামত,করমমত,কারামত
carer,কারের,চারের,কারের
kaarlayil,কার্লাইল,কার্লয়েল,কার্লাইল
karlayil,কার্লাইল,কার্লেল,কার্লাইল
karlel,কার্লাইল,কার্লেল,কার্লাইল
qarlail,কার্লাইল,কার্লেল,কার্লাইল
qarlayil,কার্লাইল,কার্লিয়াল,কার্লাইল
kaashi,কাসি,কাশি,কাসি
kaasi,কাসি,কাশী,কাসি
kasee,কাসি,কাশী,কাসি
kasi,কাসি,কাশি,কাসি
keengdomer,কিংডমের,কিংদমের,কিংডমের
cue,কিউ,কি,কিউ
kinaaraa,কিনারা,কিনার,কিনারা
kinarar,কিনারার,কিনার,কিনারার
kiirtike,কীর্তিকে,কির্তিকে,কীর্তিকে
kunj,কুঁজ,কুঞ্জ,কুঁজ
caakri,কুকরী,কাক্রী,কুকরী
cookrii,কুকরী,চক্রী,কুকরী
kukari,কুকরী,কুকারি,কুকরী
kukri,কুকরী,কুকরি,কুকরী
kkundo,কুন্ড,কুণ্ড,কুন্ড
koondo,কুন্ড,কুণ্ড,কুন্ড
kundo,কুন্ড,কুণ্ড,কুন্ড
kunndo,কুন্ড,কুণ্দ,কুন্ড
kunnteer,কুন্তীর,কুন্টির,কুন্তীর
kumbher,কুম্ভের,কুম্ভার,কুম্ভের
cooli,কুলী,কুলি,কুলী
kulungi,কুলুঙ্গি,কুলুঙ্গী,কুলুঙ্গি
krishijato,কৃষিজাত,কৃষিজত,কৃষিজাত
koibarto,কৈবর্ত,কৈবার্ত,কৈবর্ত
kailase,কৈলাসে,কাইলাস,কৈলাসে
koilase,কৈলাসে,কৈলসে,কৈলাসে
quotar,কোটার,কুটার,কোটার
kodo,কোডও,কোডো,কোডও
konodin,কোনওদিন,কোনদিন,কোনওদিন
konoyodin,কোনওদিন,কনোদীন,কোনওদিন
konyodin,কোনওদিন,কন্যদিন,কোনওদিন
collageen,কোলাজেন,কলাগগীন,কোলাজেন
kolajena,কোলাজেন,কোলজেন,কোলাজেন
koolajena,কোলাজেন,কোলজেন,কোলাজেন
kaushalgotobhabe,কৌশলগতভাবে,কৌসাগলতভাবে,কৌশলগতভাবে
kousholgotovabe,কৌশলগতভাবে,কৌসগল্তভাবে,কৌশলগতভাবে
cetegory,ক্যাটাগরি,সেযাটেরি,ক্যাটাগরি
qyatagari,ক্যাটাগরি,ক্যাটারিগরী,ক্যাটাগরি
categoryte,ক্যাটাগরিতে,ক্যাটেগরিতে,ক্যাটাগরিতে
kyatagorite,ক্যাটাগরিতে,ক্যাটারগতে,ক্যাটাগরিতে
cathade,ক্যাথোড,কাঠাদে,ক্যাথোড
cethode,ক্যাথোড,চেঠদে,ক্যাথোড
candyer,ক্যান্ডির,ক্যান্ডার,ক্যান্ডির
kandyr,ক্যান্ডির,কন্ডির,ক্যান্ডির
capsuler,ক্যাপসুলের,কাপসুলের,ক্যাপসুলের
kromodhaaraa,ক্রমধারা,ক্রমধারার,ক্রমধারা
kramohrasoman,ক্রমহ্রাসমান,ক্রহমোরসমান,ক্রমহ্রাসমান
kromohrashomaan,ক্রমহ্রাসমান,ক্রহমরাসাা,ক্রমহ্রাসমান
kromohrashoman,ক্রমহ্রাসমান,ক্রোমোহসমান,ক্রমহ্রাসমান
cruise,ক্রিস,ক্রুইস,ক্রিস
krish,ক্রিস,কৃষ,ক্রিস
cruce,ক্রুশে,ক্রুস,ক্রুশে
crucey,ক্রুশে,ক্রুসে,ক্রুশে
clinton,ক্লিনটন,ক্লিন্ন,ক্লিনটন
khamotaadhar,ক্ষমতাধর,ক্ষমতাধার,ক্ষমতাধর
khomotasin,ক্ষমতাসীন,ক্ষমতাশীন,ক্ষমতাসীন
khachito,খচিত,খাচিত,খচিত
khochito,খচিত,খোচিত,খচিত
khashkhashe,খসখসে,খাষাখশে,খসখসে
khashkhashey,খসখসে,খাষাখসে,খসখসে
khaskhase,খসখসে,খাষ্খাসে,খসখসে
khaanek,খানেক,খানক,খানেক
khanek,খানেক,খানকে,খানেক
khalashi,খালাসী,খালাসি,খালাসী
khalider,খালিদের,খালীদের,খালিদের
khuda,খুদা,কুষুদা,খুদা
khunikey,খুনিকে,কুনিকে,খুনিকে
khueshid,খুরশিদ,ক্ষেশিদ,খুরশিদ
khuskhi,খুশকি,খুষুখী,খুশকি
khelaro,খেলারও,খেলার,খেলারও
gorgey,গগৈ,গর্জে,গগৈ
gonohotta,গণহত্যা,গণহত্য,গণহত্যা
gonohotya,গণহত্যা,গণহত্য,গণহত্যা
gatibeg,গতিবেগ,গ্যাবিবেগ,গতিবেগ
goteebeg,গতিবেগ,গতিবেদ,গতিবেগ
gathic,গথিক,গাঠিক,গথিক
gathik,গথিক,গাঠিক,গথিক
gathika,গথিক,গথিকা,গথিক
gotheek,গথিক,গঠিক,গথিক
gothic,গথিক,গঠিক,গথিক
gothik,গথিক,গঠিক,গথিক
ganer,গনের,গণের,গনের
goner,গনের,গণের,গনের
gandher,গন্ধের,গণ্ধের,গন্ধের
gondher,গন্ধের,গণ্ধের,গন্ধের
gafur,গফুর,গাফফুর,গফুর
gobhonor,গভর্ণর,গভননর,গভর্ণর
governor,গভর্ণর,গভর্নর,গভর্ণর
govornor,গভর্ণর,গভর্নর,গভর্ণর
goreebder,গরিবদের,গরীবদের,গরিবদের
gariber,গরিবের,গররীবের,গরিবের
goreeber,গরিবের,গরীবের,গরিবের
garg,গর্গ,গার্গ,গর্গ
galachipa,গলাচিপা,গোলাচিপ,গলাচিপা
golacheepa,গলাচিপা,গোলাচেপ,গলাচিপা
gaji,গাজি,গাজী,গাজি
gazi,গাজি,গাজী,গাজি
gajir,গাজির,গাজীর,গাজির
gazir,গাজির,গাজীর,গাজির
gaziporee,গাজীপুরে,গাজীপরী,গাজীপুরে
gajipurer,গাজীপুরের,গাজিপুরের,গাজীপুরের
gaziipure,গাজীপুরের,গাজীপুরে,গাজীপুরের
gandhi,গান্ধী,গন্ধি,গান্ধী
gaabhaskarer,গাভাস্কারের,গভাষককারের,গাভাস্কারের
gamcha,গামছা,গমম্চা,গামছা
gaardener,গার্ডেনের,গার্ডানের,গার্ডেনের
galilee,গালিলি,গাযালিলি,গালিলি
gini,গিনি,জিনি,গিনি
guine,গিনি,জুইন,গিনি
guinea,গিনি,গুইনে,গিনি
ginite,গিনিতে,গিনতি,গিনিতে
guineate,গিনিতে,গুইনেট,গিনিতে
guineete,গিনিতে,গুইনিতে,গিনিতে
guineetey,গিনিতে,গুণিতে,গিনিতে
ginir,গিনির,জিনির,গিনির
gunagun,গুণাগুণ,গুণগুণ,গুণাগুণ
gunaguno,গুণাগুণ,গুণাগু,গুণাগুণ
gudamghor,গুদামঘর,গুদমগ্র,গুদামঘর
grihoshtali,গৃহস্থালি,গৃহস্থলি,গৃহস্থালি
gein,গেন,গেইন,গেন
gomoty,গোমতি,গমতি,গোমতি
gasthigato,গোষ্ঠীগত,গস্তিগত,গোষ্ঠীগত
gosthigata,গোষ্ঠীগত,গষ্ঠিগত,গোষ্ঠীগত
gostheeder,গোষ্ঠীদের,গোস্ঠীদের,গোষ্ঠীদের
gowri,গৌরি,গৌরী,গৌরি
granthaguly,গ্রন্থগুলি,গ্রন্থাগুলি,গ্রন্থগুলি
granthoguli,গ্রন্থগুলি,গ্রন্থাগুলি,গ্রন্থগুলি
gronthoguly,গ্রন্থগুলি,গ্রন্থলীগু,গ্রন্থগুলি
granthagulir,গ্রন্থগুলির,গ্রন্থাগুলির,গ্রন্থগুলির
granthagulyr,গ্রন্থগুলির,গ্রন্থাগুলির,গ্রন্থগুলির
granthogulir,গ্রন্থগুলির,গ্রন্থাগুলির,গ্রন্থগুলির
gronthagulir,গ্রন্থগুলির,গ্রন্থাগুলির,গ্রন্থগুলির
granthagulo,গ্রন্থগুলো,গ্রন্থাগুলো,গ্রন্থগুলো
granthogulo,গ্রন্থগুলো,গ্রন্থাগুলো,গ্রন্থগুলো
gronthogulo,গ্রন্থগুলো,গ্রন্থলুগু,গ্রন্থগুলো
granthagulote,গ্রন্থগুলোতে,গ্রন্থাগুলোতে,গ্রন্থগুলোতে
gronthagulote,গ্রন্থগুলোতে,গ্রন্থাগুলোতে,গ্রন্থগুলোতে
granthagulor,গ্রন্থগুলোর,গ্রন্থাগুলোর,গ্রন্থগুলোর
granthogulor,গ্রন্থগুলোর,গ্রন্থাগুলোর,গ্রন্থগুলোর
gronthagulor,গ্রন্থগুলোর,গ্রন্থাগুলোর,গ্রন্থগুলোর
granthatyr,গ্রন্থটির,গ্রন্থাটির,গ্রন্থটির
gronthatir,গ্রন্থটির,গ্রন্থাটির,গ্রন্থটির
gronthosomuher,গ্রন্থসমূহের,গ্রন্তসমূহের,গ্রন্থসমূহের
zraduate,গ্রাজুয়েট,জ্রুদাতে,গ্রাজুয়েট
grambaasike,গ্রামবাসীকে,গ্রামবাসিকে,গ্রামবাসীকে
grambasira,গ্রামবাসীরা,গ্রামবাসিরা,গ্রামবাসীরা
gramin,গ্রামীন,গ্রামিং,গ্রামীন
gregory,গ্রেগরি,গ্রেগারি,গ্রেগরি
ghatlo,ঘটলো,ঘটটল,ঘটলো
ghoshety,ঘসেটি,ঘোষটি,ঘসেটি
gha,ঘা,ঘো,ঘা
ghaty,ঘাঁটি,ঘটি,ঘাঁটি
ghantigula,ঘাঁটিগুলো,ঘন্তিগুলো,ঘাঁটিগুলো
ghatigulo,ঘাঁটিগুলো,ঘটিগুলো,ঘাঁটিগুলো
ghateete,ঘাঁটিতে,ঘটিতে,ঘাঁটিতে
ghatite,ঘাঁটিতে,ঘটিতে,ঘাঁটিতে
ghat,ঘাট,ঘট,ঘাট
ghet,ঘাট,ঘেট,ঘাট
gheta,ঘাট,ঘটা,ঘাট
ghati,ঘাটি,ঘটি,ঘাটি
ghumate,ঘুমাতে,ঘুমততে,ঘুমাতে
ghurni,ঘূর্ণি,ঘুর্ণী,ঘূর্ণি
gheesha,ঘেষা,ঘীষা,ঘেষা
chotokder,চটকদার,চটকদের,চটকদার
chapala,চপলা,চাপালা,চপলা
chopala,চপলা,চোপাল,চপলা
chamak,চমক,চামাক,চমক
chamoskir,চমস্কির,চমমস্কির,চমস্কির
chayesa,চয়েস,চায়েশ,চয়েস
choicee,চয়েস,চোইস,চয়েস
chorbhadrason,চরভদ্রাসন,চর্ভাদ্রসন,চরভদ্রাসন
charit,চরিত,চারিত,চরিত
choritartho,চরিতার্থ,চরিতর্থ,চরিতার্থ
chalochchitroo,চলচ্চিত্রও,চাচচিত্রু,চলচ্চিত্রও
cholochchitrao,চলচ্চিত্রও,চলোচিত্র,চলচ্চিত্রও
chalachchitratite,চলচ্চিত্রটিতে,চলচ্চ্তাত্রীতে,চলচ্চিত্রটিতে
chalachchitrotir,চলচ্চিত্রটির,চলচাচ্ত্রিতির,চলচ্চিত্রটির
chalochchitrotir,চলচ্চিত্রটির,চলচিত্ত্রীর,চলচ্চিত্রটির
cholocchitrotir,চলচ্চিত্রটির,চলচিত্ত্রটির,চলচ্চিত্রটির
chalachchitre,চলচ্চিত্রে,চলচচত্রী,চলচ্চিত্রে
chaloman,চলমান,চালমান,চলমান
chaadar,চাদর,চাদার,চাদর
chabe,চাবি,চবে,চাবি
charukolar,চারুকলার,চারুকালার,চারুকলার
charge,চার্জ,চার্গে,চার্জ
charja,চার্জ,চার্য,চার্জ
charza,চার্জ,চার্জা,চার্জ
carrjing,চার্জিং,কার্জিং,চার্জিং
chalachchilo,চালাচ্ছিল,চলচছছ্ছল,চালাচ্ছিল
chalachheelo,চালাচ্ছিল,চলচছছল,চালাচ্ছিল
cheekitsa,চিকিত্সা,চিকিৎসা,চিকিত্সা
chickeen,চিকেন,চিকিন,চিকেন
chikeena,চিকেন,চিকিন,চিকেন
chikena,চিকেন,চিকেনা,চিকেন
cheettakarsak,চিত্তাকর্ষক,চিত্তাকর্ষ,চিত্তাকর্ষক
chittakarsak,চিত্তাকর্ষক,চিত্তার্ষক,চিত্তাকর্ষক
chittakorsok,চিত্তাকর্ষক,চিত্তরক্ষক,চিত্তাকর্ষক
cheetroroop,চিত্ররূপ,চিত্রোপ,চিত্ররূপ
chitroroop,চিত্ররূপ,চিত্রোপ,চিত্ররূপ
chirotar,চিরতার,চিরততার,চিরতার
chirotani,চিরন্তনী,চিরোটানি,চিরন্তনী
cheera,চিরা,ছিরা,চিরা
children,চিলড্রেনের,চিল্ড্রেন,চিলড্রেনের
chaiteer,চৈতির,চাইটির,চৈতির
chaityr,চৈতির,চাইটির,চৈতির
choitir,চৈতির,চইটির,চৈতির
chouka,চৌকো,চৌকা,চৌকো
choudhuri,চৌধুরী,চৌধুরি,চৌধুরী
chaudhoorisaha,চৌধুরীসহ,চৌধুরিষাহ,চৌধুরীসহ
chowshotti,চৌষট্টি,চৌষট্তি,চৌষট্টি
chyateeng,চ্যাটিং,চ্যাথিং,চ্যাটিং
chana,ছানা,চানা,ছানা
chanagulo,ছানাগুলো,চানাগুলো,ছানাগুলো
chanader,ছানাদের,চানাদের,ছানাদের
chanar,ছানার,চানার,ছানার
chanara,ছানারা,চানারা,ছানারা
chheelonaa,ছিলোনা,ছিলনা,ছিলোনা
chhatogalpo,ছোটগল্প,ছোটগালপপ্,ছোটগল্প
chhotogolpo,ছোটগল্প,ছোটোগল্প,ছোটগল্প
chhatta,ছোট্টো,ছাটা,ছোট্টো
jang,জং,জাং,জং
jong,জং,জোং,জং
jongli,জংলী,জঙ্গলী,জংলী
jagdish,জগদীশ,জগ্দিশ,জগদীশ
jogdish,জগদীশ,জগদিশ,জগদীশ
janoganer,জণগণের,জনগণের,জণগণের
jonogoner,জণগণের,জনগণের,জণগণের
janabaler,জনবলের,জানাবলের,জনবলের
janosanjoger,জনসংযোগের,জনস্যাগের,জনসংযোগের
janosonjoger,জনসংযোগের,জনস্যগগের,জনসংযোগের
jonosonjoger,জনসংযোগের,জনস্যগের,জনসংযোগের
jonsonke,জনসনকে,জংশনকে,জনসনকে
jonoshomabesh,জনসমাবেশ,জনসমাসেষ,জনসমাবেশ
jonosomaabesh,জনসমাবেশ,জনশমােষ,জনসমাবেশ
jonosomabesh,জনসমাবেশ,জনসমােশ,জনসমাবেশ
janahitokar,জনহিতকর,জনহিতকার,জনহিতকর
jonoheetokor,জনহিতকর,জনহীতকর,জনহিতকর
jonoiko,জনৈক,জনিক,জনৈক
jab,জব,জাব,জব
zab,জব,জাব,জব
jalaronge,জলরঙে,জলরঙ্গে,জলরঙে
joloronge,জলরঙে,জলরঙ্গে,জলরঙে
jolronge,জলরঙে,জ্যালরঞ্জে,জলরঙে
jalaronger,জলরঙের,জলর্্গের,জলরঙের
jalranger,জলরঙের,জঙ্লেঙ্গের,জলরঙের
joloronge,জলরঙের,জলরঙ্গে,জলরঙের
jolronger,জলরঙের,জলর্ং্গের,জলরঙের
jolaatanko,জলাতংক,জলাটানক,জলাতংক
jolatongko,জলাতংক,জলাঙ্তক,জলাতংক
jack,জাক,যাক,জাক
jak,জাক,যাক,জাক
zack,জাক,যাক,জাক
zaki,জাকী,জাকি,জাকী
jaaker,জাকের,যাকের,জাকের
jaker,জাকের,যাকের,জাকের
jat,জাত,যাত,জাত
jatke,জাতকে,যাতকে,জাতকে
jatoke,জাতকে,যাতকে,জাতকে
jatker,জাতকের,যাতকের,জাতকের
jaatgoolo,জাতগুলো,যাতগুলো,জাতগুলো
jatgoolo,জাতগুলো,যতগুলো,জাতগুলো
jaate,জাতে,যাতে,জাতে
jaanai,জানাই,জানই,জানাই
zaanai,জানাই,জানই,জানাই
japani,জাপানি,জাপানী,জাপানি
jamata,জামাতা,জমতা,জামাতা
jamaatar,জামাতার,জমাতার,জামাতার
jamatar,জামাতার,জমতার,জামাতার
giant,জায়ান্ট,গ্যান্ট,জায়ান্ট
zayanta,জায়ান্ট,জায়ন্ট,জায়ান্ট
jaruler,জারুলের,জরুলের,জারুলের
jilaanee,জিলানী,জিলানি,জিলানী
jeebjontur,জীবজন্তুর,জীবন্তুর,জীবজন্তুর
jeebonjapone,জীবনযাপনে,জীবনবাপনে,জীবনযাপনে
jem,জেম,জ্যাম,জেম
gamesh,জেমস,গমেস,জেমস
gems,জেমস,গেমস,জেমস
jerujaleme,জেরুজালেমে,জেরুজালিমে,জেরুজালেমে
jerusaleme,জেরুজালেমে,জেরুসালামে,জেরুজালেমে
jerujalemer,জেরুসালেমের,জেরুজালিমের,জেরুসালেমের
jainta,জৈন্তা,জৈন্ট,জৈন্তা
jointa,জৈন্তা,জৈন্ট,জৈন্তা
zointa,জৈন্তা,জৈন্ট,জৈন্তা
jaintapore,জৈন্তাপুর,জৈন্তাপরে,জৈন্তাপুর
zokarer,জোকারের,যোকারের,জোকারের
jonaal,জোনাল,জনাল,জোনাল
zonaal,জোনাল,জনাল,জোনাল
jwore,জ্বরে,জোরে,জ্বরে
jackke,জ্যাককে,যাককে,জ্যাককে
jyaki,জ্যাকি,য্যাকাি,জ্যাকি
jeshtho,জ্যেষ্ঠ,জেষ্ঠ,জ্যেষ্ঠ
jyasttho,জ্যেষ্ঠ,জ্যাস্থ,জ্যেষ্ঠ
jhukchen,ঝুঁকছেন,ঝুক্ছেন,ঝুঁকছেন
jhunkchen,ঝুঁকছেন,ঝুঁচক্ছেন,ঝুঁকছেন
takdoi,টকদই,টাকদি,টকদই
tokdoi,টকদই,তকদদই,টকদই
torentotey,টরেন্টোতে,তরেন্ততে,টরেন্টোতে
torontote,টরেন্টোতে,তরন্ততে,টরেন্টোতে
ptalemy,টলেমি,প্লেটিমি,টলেমি
tichar,টিচার,তিচার,টিচার
tichara,টিচার,তিচার,টিচার
twitare,টুইটারে,তিতারে,টুইটারে
tookro,টুকরো,তুক্র,টুকরো
tuji,টুজি,২জি,টুজি
tuzi,টুজি,২জি,টুজি
tur,টুর,তুর,টুর
teexas,টেক্সাস,টেক্স,টেক্সাস
teksas,টেক্সাস,টেকাস,টেক্সাস
tekshaash,টেক্সাস,টেকশাস,টেক্সাস
teksase,টেক্সাসে,টেকাসে,টেক্সাসে
teksuse,টেক্সাসে,টেকাসাসে,টেক্সাসে
tendon,টেন্ডন,টেনদন,টেন্ডন
terroism,টেররিজম,টেরস্য,টেররিজম
tractor,ট্রাক্টর,ট্রাকটটটর,ট্রাক্টর
trap,ট্রাপ,ট্রপ,ট্রাপ
tree,ট্রে,ট্রি,ট্রে
traickbal,ট্র্যাকবল,ট্রাইকবব,ট্র্যাকবল
traickball,ট্র্যাকবল,ট্রাইক্যাবল,ট্র্যাকবল
traicqball,ট্র্যাকবল,ট্রাইক্যাবল,ট্র্যাকবল
treckball,ট্র্যাকবল,ট্রেকবব,ট্র্যাকবল
tthiktthak,ঠিকঠাক,থিক্কাক,ঠিকঠাক
thumri,ঠুমরী,ঠুমরি,ঠুমরী
thhang,ঠ্যাং,থাং,ঠ্যাং
thhyaang,ঠ্যাং,থ্যাং,ঠ্যাং
thhyang,ঠ্যাং,থ্যাং,ঠ্যাং
dac,ডক,ডাক,ডক
dowki,ডাউকি,দৌকী,ডাউকি
daunee,ডাউনি,দাউনী,ডাউনি
douni,ডাউনি,দৌনী,ডাউনি
downy,ডাউনি,ডাউই,ডাউনি
daakota,ডাকোটা,ডাকতা,ডাকোটা
daakotaa,ডাকোটা,ডাকতা,ডাকোটা
dakotaa,ডাকোটা,ডাকতা,ডাকোটা
database,ডাটাবেজ,ডাটাবাসে,ডাটাবেজ
databeis,ডাটাবেজ,ডাটাবেস,ডাটাবেজ
databes,ডাটাবেজ,ডাটাবেস,ডাটাবেজ
daam,ডাম,দাম,ডাম
dam,ডাম,দম,ডাম
damm,ডাম,ডম,ডাম
daamee,ডামি,দামী,ডামি
daami,ডামি,দামি,ডামি
damee,ডামি,দমি,ডামি
damy,ডামি,দমি,ডামি
dummi,ডামি,দুম্মী,ডামি
dumy,ডামি,দুমি,ডামি
dienete,ডিএনএতে,ডিয়েনেট,ডিএনএতে
dienar,ডিএনএর,ডিয়ার,ডিএনএর
diyener,ডিএনএর,ডিয়ের,ডিএনএর
dnaer,ডিএনএর,ড্যানার,ডিএনএর
dnar,ডিএনএর,ড্যানার,ডিএনএর
digreete,ডিগ্রিতে,ডিগ্রেট,ডিগ্রিতে
digrite,ডিগ্রিতে,ডিগ্রীটে,ডিগ্রিতে
digreedhari,ডিগ্রিধারী,দিগ্রেফারী,ডিগ্রিধারী
deengee,ডিঙ্গি,দিঙ্গী,ডিঙ্গি
dingee,ডিঙ্গি,দিঙ্গী,ডিঙ্গি
digit,ডিজিট,দিগিট,ডিজিট
dizita,ডিজিট,দিজিত,ডিজিট
dina,ডিন,দিন,ডিন
diner,ডিনের,দিনের,ডিনের
deembakreetir,ডিম্বাকৃতির,ডিম্বকৃতির,ডিম্বাকৃতির
deembakritir,ডিম্বাকৃতির,ডিম্বকৃতির,ডিম্বাকৃতির
dimbacritir,ডিম্বাকৃতির,ডিম্বাক্তির,ডিম্বাকৃতির
dimbakritir,ডিম্বাকৃতির,দিম্বাকৃতির,ডিম্বাকৃতির
decition,ডিসিশন,ডেশিশন,ডিসিশন
dishishhana,ডিসিশন,দিশিশন,ডিসিশন
dooburi,ডুবুরি,দুবুরি,ডুবুরি
danish,ডেনিশ,ডানিশ,ডেনিশ
denees,ডেনিশ,ডেনেস,ডেনিশ
deneesh,ডেনিশ,ডেনিস,ডেনিশ
denish,ডেনিশ,ডেনিস,ডেনিশ
deenisee,ডেনিস,ডিনিসি,ডেনিস
denees,ডেনিস,ডেনেস,ডেনিস
denishe,ডেনিস,ডেনিসে,ডেনিস
dennis,ডেনিস,ডেন্সিস,ডেনিস
deebit,ডেবিট,দিবিত,ডেবিট
demockratic,ডেমোক্র্যাটিক,ডেমোক্রেটিক,ডেমোক্র্যাটিক
democryatik,ডেমোক্র্যাটিক,ডেমোক্রেটিক,ডেমোক্র্যাটিক
delibharee,ডেলিভারি,দেলিভারী,ডেলিভারি
deleevari,ডেলিভারী,দেলিভারি,ডেলিভারী
delibharee,ডেলিভারী,দেলিভারী,ডেলিভারী
delibhari,ডেলিভারী,দেলিভারী,ডেলিভারী
delivari,ডেলিভারী,ডেলিভারি,ডেলিভারী
deshtrayara,ডেস্ট্রয়ার,দেস্ট্রেয়ার,ডেস্ট্রয়ার
deshtroyer,ডেস্ট্রয়ার,দেশট্রইয়ের,ডেস্ট্রয়ার
destraaer,ডেস্ট্রয়ার,দেস্ট্রের,ডেস্ট্রয়ার
destroaer,ডেস্ট্রয়ার,দেশ্ত্রের,ডেস্ট্রয়ার
donald,ডোনাল্ড,ডোনল্ড,ডোনাল্ড
doonalda,ডোনাল্ড,ডোনল্ড,ডোনাল্ড
daanis,ড্যানিশ,ডানিশ,ড্যানিশ
danish,ড্যানিশ,ডানিশ,ড্যানিশ
damm,ড্যাম,ডম,ড্যাম
drake,ড্রেক,ড্রাকে,ড্রেক
drainage,ড্রেনেজ,ড্রাইনেজ,ড্রেনেজ
drainagee,ড্রেনেজ,ড্রাইনাগী,ড্রেনেজ
drainaje,ড্রেনেজ,ড্রাইনাজ,ড্রেনেজ
dhhaali,ঢালী,ঢালি,ঢালী
dhhaalare,ঢালের,ঢালারে,ঢালের
dhhalare,ঢালের,ঢালারে,ঢালের
touba,তওবা,টৌবা,তওবা
tokhonkar,তখনকার,তকনকাা,তখনকার
torunashthi,তরুণাস্থি,তরুণস্থি,তরুণাস্থি
toruneraa,তরুণেরা,তরুনেরা,তরুণেরা
tarunder,তরুনদের,তারুন্ডের,তরুনদের
toroonder,তরুনদের,তরুন্ডের,তরুনদের
taai,তাই,টাই,তাই
tai,তাই,টাই,তাই
tayi,তাই,টাই,তাই
taaki,তাকি,তাকী,তাকি
taki,তাকি,টাকি,তাকি
tafsire,তাফসীরে,টাসফারে,তাফসীরে
tal,তাল,তল,তাল
tala,তাল,তালা,তাল
taalgachher,তালগাছের,তালাগাছের,তালগাছের
talgacher,তালগাছের,তললাচ্রের,তালগাছের
taalao,তালাও,তাওলা,তালাও
talao,তালাও,তাওলা,তালাও
tintitio,তিনটিও,তিন্তিতিও,তিনটিও
tinsho,তিনশ,তিনস,তিনশ
tisee,তিসি,টিসি,তিসি
teestaa,তিস্তা,টেস্ট,তিস্তা
tistaa,তিস্তা,টিস্ট,তিস্তা
turkyir,তুর্কির,তুর্ক্যের,তুর্কির
turkyra,তুর্কিরা,তার্কারি,তুর্কিরা
tustir,তুষ্টির,তুস্তির,তুষ্টির
taeesh,তেইশ,টাইশ,তেইশ
teish,তেইশ,টেস,তেইশ
temone,তেমনে,টেমোন,তেমনে
touhidur,তৌহিদুর,তৌহিদূর,তৌহিদুর
tookke,ত্বককে,তুককে,ত্বককে
toker,ত্বকের,তোকের,ত্বকের
tria,ত্রয়,ট্রিয়া,ত্রয়
trinidad,ত্রিনিদাদ,ত্রিনিদাযাদ,ত্রিনিদাদ
trineedarer,ত্রিনিদাদের,ত্রিনিদারের,ত্রিনিদাদের
totshonglogno,তৎসংলগ্ন,তৎসংলগ্্ন,তৎসংলগ্ন
thakteyi,থাকতেই,ঠাকতেই,থাকতেই
theme,থিম,থেমে,থিম
thim,থিম,ঠিম,থিম
thima,থিম,ঠিমা,থিম
thimer,থিমের,ঠিমের,থিমের
theshish,থিসিস,থেসিস,থিসিস
thishisha,থিসিস,টিসিয়া,থিসিস
tho,থো,ঠো,থো
dakkhin,দক্ষিন,দক্ষিণ,দক্ষিন
dakshin,দক্ষিন,ডক্ষিণ,দক্ষিন
dokkhin,দক্ষিন,দক্ষিণ,দক্ষিন
dottok,দত্তক,দত্ত্বক,দত্তক
dhodhi,দধি,ধ্বি,দধি
dodhi,দধি,দ্বধি,দধি
domon,দমন,ডমন,দমন
dashgun,দশগুণ,দাগুণ,দশগুণ
dastidaar,দস্তিদার,দাস্তিদার,দস্তিদার
dostidaar,দস্তিদার,দোস্তিদার,দস্তিদার
dostidar,দস্তিদার,দোস্তিদার,দস্তিদার
daangaa,দাঙ্গা,ডাঙা,দাঙ্গা
dangaa,দাঙ্গা,ডাঙা,দাঙ্গা
daangaar,দাঙ্গার,ডাঙার,দাঙ্গার
daangar,দাঙ্গার,ডাঙার,দাঙ্গার
dangar,দাঙ্গার,ডাঙার,দাঙ্গার
danabir,দানবীর,দানাবীর,দানবীর
danbir,দানবীর,দাবীর,দানবীর
the,দি,থে,দি
dinlipi,দিনলিপি,ডিন্লিপি,দিনলিপি
dibakar,দিবাকর,দিবাকার,দিবাকর
dibakor,দিবাকর,দিবাককর,দিবাকর
deepke,দীপকে,দিপকে,দীপকে
dwipke,দীপকে,দ্বীপকে,দীপকে
dudharaner,দুধরনের,দুধারণের,দুধরনের
durontopana,দুরন্তপনা,দুরন্তনপানা,দুরন্তপনা
durgati,দুর্গটি,দুরগগতি,দুর্গটি
durgato,দুর্গত,দুরগগত,দুর্গত
durgatader,দুর্গতদের,দুর্গতাদের,দুর্গতদের
durgotoder,দুর্গতদের,দুর্গততদের,দুর্গতদের
duranto,দূরান্ত,দুরন্ত,দূরান্ত
durvagyer,দূর্ভাগ্যের,দুর্ভাগ্যের,দূর্ভাগ্যের
drisso,দৃশ্য,দৃষ্য,দৃশ্য
drisse,দৃশ্যে,দৃষ্যে,দৃশ্যে
deuli,দেউলী,ডিউলি,দেউলী
deoband,দেওবন্দ,ডিবন্দ,দেওবন্দ
deobandi,দেওবন্দি,দিবন্দি,দেওবন্দি
deobonder,দেওবন্দের,দিবনদের,দেওবন্দের
debdebider,দেবদেবীদের,দেববেদীদের,দেবদেবীদের
debaashees,দেবাশিস,দেবশিস,দেবাশিস
deryte,দেরীতে,ডিরিতে,দেরীতে
doi,দৈ,দোঈ,দৈ
doie,দৈ,দোঈ,দৈ
dokaangooli,দোকানগুলি,দকানগুলি,দোকানগুলি
dokaanguli,দোকানগুলি,দকানগুলি,দোকানগুলি
dokangoolo,দোকানগুলো,দোকাঙ্গুলো,দোকানগুলো
dokangulo,দোকানগুলো,ডোকানগুলো,দোকানগুলো
dokaandaarder,দোকানদারদের,দককান্দারদের,দোকানদারদের
dokaandarra,দোকানদাররা,দোকান্ডার,দোকানদাররা
dokaaney,দোকানে,ডোকানে,দোকানে
dobhashee,দোভাষী,দোভাসী,দোভাষী
dobhashi,দোভাষী,দোভাসী,দোভাষী
dovashi,দোভাষী,দোভাসী,দোভাষী
doshee,দোষী,দশী,দোষী
doshi,দোষী,দশী,দোষী
dwipti,দ্বীপটি,দ্বীপ্তি,দ্বীপটি
diptite,দ্বীপটিতে,দিপটিতে,দ্বীপটিতে
dwipeo,দ্বীপেও,দ্বিপেও,দ্বীপেও
dhanuk,ধনুক,ধানুক,ধনুক
dhar,ধর,ধার,ধর
dharte,ধরতে,ধর্তে,ধরতে
dharar,ধরার,ধারার,ধরার
dhori,ধরি,ধরী,ধরি
dharmantorito,ধর্মান্তরিত,ধর্মনাত্রীত,ধর্মান্তরিত
dharmiyo,ধর্মীও,ধার্মিয়,ধর্মীও
dhaanch,ধাঁচ,ঢাঁচ,ধাঁচ
dhach,ধাঁচ,ঢাঁচ,ধাঁচ
dhaancher,ধাঁচের,ঢাঁচের,ধাঁচের
dhancher,ধাঁচের,ঢাঁচের,ধাঁচের
dhadhar,ধাঁধার,ধাধার,ধাঁধার
dhandhar,ধাঁধার,ধন্ধার,ধাঁধার
dharate,ধারাতে,ধরাতে,ধারাতে
dharatey,ধারাতে,ধরাতে,ধারাতে
dharavahikatar,ধারাবাহিকতার,ধারাভািিকার,ধারাবাহিকতার
dharavahike,ধারাবাহিকে,ঢারাাাহিকে,ধারাবাহিকে
dharalo,ধারালো,ধারাল,ধারালো
dhulikana,ধূলিকণা,ঢুলিকান,ধূলিকণা
dhulikona,ধূলিকণা,ঢুলিকনা,ধূলিকণা
nouda,নওদা,নৌদা,নওদা
noganyo,নগন্য,নগান্য,নগন্য
nogonno,নগন্য,নগন্ন,নগন্য
natoraj,নটরাজ,নাটরাজ,নটরাজ
nadnadi,নদনদী,নদ্নাি,নদনদী
nodiyi,নদীই,নদিও,নদীই
naubonirbachito,নবনির্বাচিত,নৌবরবাচিত্বিত,নবনির্বাচিত
nabami,নবমী,নবামী,নবমী
naabi,নবি,নাবী,নবি
nabhi,নবি,নাভী,নবি
nobi,নবি,নবী,নবি
nabir,নবির,নবীর,নবির
nobir,নবির,নবীর,নবির
nobinbaran,নবীনবরণ,নবীবনরণ,নবীনবরণ
nobinboron,নবীনবরণ,নবীবরণ,নবীনবরণ
norobalir,নরবলির,নরবালীর,নরবলির
norobolir,নরবলির,নরবলীর,নরবলির
nitragen,নাইট্রোজেন,নিত্রাগেন,নাইট্রোজেন
nitrogen,নাইট্রোজেন,নিত্রগণ,নাইট্রোজেন
nitroogen,নাইট্রোজেন,নিত্রগেন,নাইট্রোজেন
nitrogener,নাইট্রোজেনের,নিত্রগণের,নাইট্রোজেনের
nagorikgan,নাগরিকগণ,নাগরিকণ,নাগরিকগণ
naagaalyande,নাগাল্যান্ডে,নাগল্যান্ডে,নাগাল্যান্ডে
naju,নাজু,নজু,নাজু
nazu,নাজু,নজু,নাজু
nabba,নাব্য,নবব্য,নাব্য
nariito,নারীত্ব,নারিত,নারীত্ব
narsaarite,নার্সারিতে,নার্সারীতে,নার্সারিতে
naaseer,নাসির,নাসীর,নাসির
naseer,নাসির,নাসীর,নাসির
naseerer,নাসিরের,নাসীরের,নাসিরের
nikatei,নিকটেই,নিকাতেই,নিকটেই
nimnarooph,নিম্নরূপঃ,নিম্নরাফ,নিম্নরূপঃ
nimnorupoh,নিম্নরূপঃ,নিম্নরূহ,নিম্নরূপঃ
niyana,নিয়ন,নিয়া,নিয়ন
ner,নিয়ার,নার,নিয়ার
nirankkush,নিরঙ্কুশ,নিরাকক্ষ,নিরঙ্কুশ
niropekshta,নিরপেক্ষতা,নিরোপেক্ষট,নিরপেক্ষতা
nirapekkhovabe,নিরপেক্ষভাবে,নিরাপক্ষভাবে,নিরপেক্ষভাবে
niropekshbhabe,নিরপেক্ষভাবে,নিরোপকেষভাবে,নিরপেক্ষভাবে
nirabodhi,নিরবধি,নিরাবোধী,নিরবধি
nirapattaa,নিরাপত্তা,নিরপত্য,নিরাপত্তা
nirapottaa,নিরাপত্তা,নিরপত্য,নিরাপত্তা
nirapottao,নিরাপত্তাও,নিরাপত্যও,নিরাপত্তাও
nirapattaar,নিরাপত্তার,নিরপত্তার,নিরাপত্তার
nirapattar,নিরাপত্তার,নিরপত্যার,নিরাপত্তার
nirapottaar,নিরাপত্তার,নিরপত্তার,নিরাপত্তার
nirapottar,নিরাপত্তার,নিরপত্তার,নিরাপত্তার
nirgomoney,নির্গমনে,নির্গমণে,নির্গমনে
nirgamoner,নির্গমনের,নির্গামনের,নির্গমনের
nirgomoner,নির্গমনের,নির্গমণের,নির্গমনের
nishkashita,নিষ্কাশিত,নিক্ষাসিত,নিষ্কাশিত
nisthaban,নিষ্ঠাবান,নিষ্ঠাবন,নিষ্ঠাবান
nilkuthi,নীলকুঠি,নিলকুঠি,নীলকুঠি
nudulsher,নুডলসের,নুদূলসের,নুডলসের
nreetatwo,নৃতত্ত্ব,নৃতাত্ব,নৃতত্ত্ব
neext,নেক্সট,নিক্সট,নেক্সট
neture,নেচার,নেচারে,নেচার
netara,নেতারা,নেটার,নেতারা
neheru,নেহরু,নেহেরু,নেহরু
nehoroo,নেহরু,নেহর,নেহরু
nehoroor,নেহরুর,নেহরর,নেহরুর
nehorur,নেহরুর,নেহরর,নেহরুর
neirajjo,নৈরাজ্য,নিরাজ্য,নৈরাজ্য
neirajyo,নৈরাজ্য,নিরাজ্য,নৈরাজ্য
neirajyer,নৈরাজ্যের,নিরাজ্যের,নৈরাজ্যের
not,নোট,নট,নোট
natasa,নোটস,নটটাশ,নোটস
notasa,নোটস,নোটাস,নোটস
pankaj,পঙ্কজ,পাঙাকজ,পঙ্কজ
pokhhyraj,পঙ্খিরাজ,পক্ষাজার,পঙ্খিরাজ
pangapal,পঙ্গপাল,পাঙ্চাল,পঙ্গপাল
pongopal,পঙ্গপাল,পঙ্চপাল,পঙ্গপাল
panchamangsho,পঞ্চমাংশ,পঞ্চাশমম্গ,পঞ্চমাংশ
ponchanon,পঞ্চানন,পঞ্চন,পঞ্চানন
ponjeekaa,পঞ্জিকা,পণ্জিকা,পঞ্জিকা
ponjjika,পঞ্জিকা,পঞ্জজিকা,পঞ্জিকা
potel,পটেল,পোটলে,পটেল
patenga,পতেঙ্গা,পটেঙ্গ,পতেঙ্গা
pathocharyder,পথচারীদের,পাঠরাাইদের,পথচারীদের
podojatra,পদযাত্রা,পদাজত্র,পদযাত্রা
padanato,পদানত,পদনাত,পদানত
podanoto,পদানত,পদানতঃ,পদানত
paneroti,পনেরটি,পানারটি,পনেরটি
pontha,পন্থা,পোঁঠা,পন্থা
ponthaa,পন্থা,পোঁঠা,পন্থা
parikha,পরিখা,পরীক্ষা,পরিখা
porikha,পরিখা,পরীখ্ষা,পরিখা
parichchanna,পরিচ্ছন্ন,পরিচ্ছান্য,পরিচ্ছন্ন
porinitite,পরিণতিতে,পরিণীতিতে,পরিণতিতে
parinatir,পরিণতির,পরিনতির,পরিণতির
parinotir,পরিণতির,পরিনতির,পরিণতির
parinita,পরিণীত,পরিনীত,পরিণীত
parinito,পরিণীত,পরিণিত,পরিণীত
poriniito,পরিণীত,পরিণিত,পরিণীত
porinito,পরিণীত,পরিণিত,পরিণীত
paripak,পরিপাক,পরিপক,পরিপাক
paribeshtito,পরিবেষ্টিত,পরিবেশ্িত,পরিবেষ্টিত
poribeshtito,পরিবেষ্টিত,পরিবেষ্িত,পরিবেষ্টিত
poribesteeto,পরিবেষ্টিত,পরিবেশতিত,পরিবেষ্টিত
poribestito,পরিবেষ্টিত,পরিবেশ্তিত,পরিবেষ্টিত
porishodhon,পরিশোধন,পরিসনধন,পরিশোধন
porisodhon,পরিশোধন,পরিসোধন,পরিশোধন
porishodhoner,পরিশোধনের,পরিষণধনের,পরিশোধনের
parishodhita,পরিশোধিত,পরিসোধিত,পরিশোধিত
porisodhe,পরিশোধে,পরিষোধে,পরিশোধে
porishodher,পরিশোধের,পরিষদধের,পরিশোধের
parishramey,পরিশ্রমে,পরিস্রমে,পরিশ্রমে
porissrome,পরিশ্রমে,পরিস্রোম,পরিশ্রমে
parishramer,পরিশ্রমের,পরিস্রমের,পরিশ্রমের
porissromer,পরিশ্রমের,পরিস্র্মের,পরিশ্রমের
porisphuto,পরিস্ফুট,পরিস্ফুত,পরিস্ফুট
parjatak,পর্যটক,পার্জাত,পর্যটক
parjotako,পর্যটকও,পর্যতাক,পর্যটকও
porjotoko,পর্যটকও,পর্যতকক,পর্যটকও
parjatakera,পর্যটকেরা,পার্জাতকের,পর্যটকেরা
pahela,পহেলা,পাহেল,পহেলা
panchali,পাঁচালী,পঞ্চলী,পাঁচালী
pajorey,পাঁজরে,পাজরে,পাঁজরে
paek,পাইক,পাক,পাইক
pek,পাইক,পেক,পাইক
pike,পাইক,পিকে,পাইক
piqe,পাইক,পিকে,পাইক
paikaree,পাইকারী,পাইকারি,পাইকারী
pouli,পাওলি,পৌলি,পাওলি
paakshenader,পাকসেনাদের,পাক্ষানদের,পাকসেনাদের
pungus,পাঙ্গাস,পাঙ্গুস,পাঙ্গাস
pachche,পাচ্ছে,পাঁচচে,পাচ্ছে
pachhe,পাচ্ছে,পাঁচে,পাচ্ছে
pana,পান,পানা,পান
paarijat,পারিজাত,পরিজাত,পারিজাত
pareejaat,পারিজাত,পরিজৎ,পারিজাত
parizat,পারিজাত,পরিজত,পারিজাত
parkeo,পার্কেও,পার্কও,পার্কেও
parlaur,পার্লার,পার্লুর,পার্লার
parlour,পার্লার,পার্লুর,পার্লার
parshwei,পার্শ্বেই,পার্স্যেই,পার্শ্বেই
parswei,পার্শ্বেই,পার্সওই,পার্শ্বেই
palogshak,পালংশাক,পালোষক,পালংশাক
pyaas,পিউস,প্যাশ,পিউস
po,পিও,পো,পিও
peekaasho,পিকাসো,পিকাশ,পিকাসো
peeqaaso,পিকাসো,পিকাশ,পিকাসো
pikasor,পিকাসোর,পিকাশোর,পিকাসোর
peter,পিটার,পেটের,পিটার
peters,পিটার্স,পেটার্স,পিটার্স
pipasa,পিপাসা,পিপাস,পিপাসা
pipasha,পিপাসা,পিপাশ,পিপাসা
panist,পিয়ানিস্ট,পানিশ্ট,পিয়ানিস্ট
piyanishta,পিয়ানিস্ট,পিয়েনিস্ট,পিয়ানিস্ট
piyanista,পিয়ানিস্ট,পিয়েনিস্ট,পিয়ানিস্ট
peether,পীঠের,পিঠের,পীঠের
puratana,পুরাতন,পুরাটানা,পুরাতন
puraton,পুরাতন,পুরাটন,পুরাতন
purohit,পুরোহিত,পুরুহিত,পুরোহিত
pooroheeter,পুরোহিতের,পুরহীতের,পুরোহিতের
pujjyo,পূজ্য,পুজ্জ,পূজ্য
paintings,পেইন্টিংস,পাইন্টিংস,পেইন্টিংস
peepasi,পেপসি,পিপাসি,পেপসি
peepsi,পেপসি,পিপসি,পেপসি
pepasii,পেপসি,পেপাসী,পেপসি
pipshhi,পেপসি,পিপশি,পেপসি
pipsi,পেপসি,পিপশি,পেপসি
pashte,পেস্ট,পাষ্টে,পেস্ট
poolioo,পোলিও,পুলিও,পোলিও
poosta,পোস্ট,পুষ্ট,পোস্ট
pastmasterr,পোস্টমাস্টার,পাস্তম্টের,পোস্টমাস্টার
poostamastara,পোস্টমাস্টার,পুস্তাসমত্র,পোস্টমাস্টার
poshtamashtara,পোস্টমাস্টার,পোষ্টমস্তার,পোস্টমাস্টার
postmaster,পোস্টমাস্টার,পোস্তম্তের,পোস্টমাস্টার
postmasterr,পোস্টমাস্টার,পোস্তম্টের,পোস্টমাস্টার
pastim,পোস্টিং,পাস্টিং,পোস্টিং
poostim,পোস্টিং,পুস্টিং,পোস্টিং
posteem,পোস্টিং,পোস্টিম,পোস্টিং
patterner,প্যাটার্নের,পাটার্নের,প্যাটার্নের
paathalagy,প্যাথলজি,পাঠালগী,প্যাথলজি
paathology,প্যাথলজি,পাললোগী,প্যাথলজি
paatholojii,প্যাথলজি,পালোজী,প্যাথলজি
paatholojy,প্যাথলজি,পালোজ্ি,প্যাথলজি
pathalaji,প্যাথলজি,পাঠালিজী,প্যাথলজি
pathology,প্যাথলজি,পাললোগী,প্যাথলজি
palestine,প্যালেস্টাইন,পলেস্টিন,প্যালেস্টাইন
prokalpa,প্রকল্প,প্রোকল্প,প্রকল্প
prakalpoke,প্রকল্পকে,প্রকালপকে,প্রকল্পকে
prakalpagulir,প্রকল্পগুলির,প্রকালগুলির,প্রকল্পগুলির
prakalpogulir,প্রকল্পগুলির,প্রকালগুলির,প্রকল্পগুলির
prokalpagulir,প্রকল্পগুলির,প্রকালগুলির,প্রকল্পগুলির
prakalpatite,প্রকল্পটিতে,প্রকালপাতি,প্রকল্পটিতে
prakalpotite,প্রকল্পটিতে,প্রকালপাতি,প্রকল্পটিতে
prokolposhomuho,প্রকল্পসমূহ,প্রকোলসমূহ,প্রকল্পসমূহ
prokalpasamuher,প্রকল্পসমূহের,প্রকল্পমমাহের,প্রকল্পসমূহের
prakarei,প্রকারেই,প্রারাকেই,প্রকারেই
prokashitabya,প্রকাশিতব্য,প্রক্ষিতাবিয,প্রকাশিতব্য
prokashitabyo,প্রকাশিতব্য,প্রক্ষিতাব্য,প্রকাশিতব্য
prachandobhabe,প্রচণ্ডভাবে,প্রচনন্যভাবে,প্রচণ্ডভাবে
prajanmake,প্রজন্মকে,প্রজননমকমে,প্রজন্মকে
projanmake,প্রজন্মকে,প্রজননমকমে,প্রজন্মকে
projonmoke,প্রজন্মকে,প্রজনমকমে,প্রজন্মকে
prozonmoke,প্রজন্মকে,প্রজনমকমে,প্রজন্মকে
projanme,প্রজন্মে,প্রজান্মে,প্রজন্মে
pratikar,প্রতিকার,প্রতিকাকার,প্রতিকার
protipad,প্রতিপদ,প্রতিপাদ,প্রতিপদ
protipada,প্রতিপদ,প্রতিপাদ,প্রতিপদ
protipado,প্রতিপদ,প্রতিপাদ,প্রতিপদ
protima,প্রতিমা,প্রোটিম,প্রতিমা
pratiyogikey,প্রতিযোগীকে,প্রতিযোগিতকে,প্রতিযোগীকে
pratijogir,প্রতিযোগীর,প্রতিযোগির,প্রতিযোগীর
protijogiir,প্রতিযোগীর,প্রতিযোগিয়ার,প্রতিযোগীর
protizogiir,প্রতিযোগীর,প্রতিযোগির,প্রতিযোগীর
pratistha,প্রতিষ্ঠা,প্রতিষ্ঠ,প্রতিষ্ঠা
protnosthol,প্রত্নস্থল,প্রতন্্ত্থল,প্রত্নস্থল
pratyokkho,প্রত্যক্ষ,প্রত্যাক্ষ,প্রত্যক্ষ
prottokho,প্রত্যক্ষ,প্রত্যাখ্য,প্রত্যক্ষ
prottokkho,প্রত্যক্ষ,প্রত্যক্ষ্য,প্রত্যক্ষ
protyokkho,প্রত্যক্ষ,প্রত্যক্ষ্য,প্রত্যক্ষ
protyekeri,প্রত্যেকেরই,প্রত্যেককি,প্রত্যেকেরই
protha,প্রথা,প্রথথা,প্রথা
prothou,প্রথাও,প্রথথও,প্রথাও
prodorshon,প্রদর্শণ,প্রদর্শন,প্রদর্শণ
probeshpath,প্রবেশপথ,প্রবেষপাথ,প্রবেশপথ
provuke,প্রভুকে,প্রভূকে,প্রভুকে
provriti,প্রভৃতি,প্রভিতি,প্রভৃতি
pravriti,প্রভৃতিও,প্রভৃতি,প্রভৃতিও
promod,প্রমোদ,প্রমদ,প্রমোদ
prasashanik,প্রসাশনিক,প্রশাসনিক,প্রসাশনিক
prosashonik,প্রসাশনিক,প্রশাসনিক,প্রসাশনিক
pracessar,প্রসেসর,প্রসেসার,প্রসেসর
prasheshara,প্রসেসর,প্রশেসার,প্রসেসর
processore,প্রসেসরে,প্রসেসওরে,প্রসেসরে
processorer,প্রসেসরের,প্রসেশওরের,প্রসেসরের
prastutkarokra,প্রস্তুতকারকরা,প্রস্তুতকররা,প্রস্তুতকারকরা
proshtutkarokra,প্রস্তুতকারকরা,প্রস্তুতকররা,প্রস্তুতকারকরা
prostutkarakra,প্রস্তুতকারকরা,প্রস্তুতারক,প্রস্তুতকারকরা
prostutkarokra,প্রস্তুতকারকরা,প্রস্তুতকরর,প্রস্তুতকারকরা
prastutkaraker,প্রস্তুতকারকের,প্রস্তুতকরের,প্রস্তুতকারকের
prastutkaroker,প্রস্তুতকারকের,প্রস্তুতকররের,প্রস্তুতকারকের
prostutkaraker,প্রস্তুতকারকের,প্রস্তুতকরের,প্রস্তুতকারকের
prostha,প্রস্থ,প্রস্থা,প্রস্থ
prachinkale,প্রাচীনকালে,প্রািক্লাে,প্রাচীনকালে
prachurjo,প্রাচুর্য,প্রচৌর্য,প্রাচুর্য
prachuryo,প্রাচুর্য,প্রচার্য,প্রাচুর্য
prachurzota,প্রাচুর্যতা,প্রচুর্যতা,প্রাচুর্যতা
prasadopam,প্রাসাদোপম,প্রসাদপম,প্রাসাদোপম
prerita,প্রেরিত,প্রিটা,প্রেরিত
preshidium,প্রেসিডিয়াম,প্রেশিডিউম,প্রেসিডিয়াম
presidium,প্রেসিডিয়াম,প্রেসিসিয়াম,প্রেসিডিয়াম
prapaganda,প্রোপাগান্ডা,প্রোপান্দ,প্রোপাগান্ডা
proopaganda,প্রোপাগান্ডা,প্রপাগান্দা,প্রোপাগান্ডা
propaganda,প্রোপাগান্ডা,প্রোপান্দ,প্রোপাগান্ডা
promosioner,প্রোমোশনের,প্রমশনের,প্রোমোশনের
plateti,প্লেটটি,প্লেটেটি,প্লেটটি
fokhore,ফখরে,ফকোরে,ফখরে
phokhore,ফখরে,ফোখরে,ফখরে
farm,ফর্ম,ফার্ম,ফর্ম
form,ফর্ম,ফরম,ফর্ম
pharma,ফর্ম,ফার্ম,ফর্ম
faloker,ফলকের,ফললকের,ফলকের
falgulo,ফলগুলো,ফালগুলো,ফলগুলো
folti,ফলটি,ফোলটি,ফলটি
falto,ফলতো,ফল্ট,ফলতো
folto,ফলতো,ফল্ট,ফলতো
falaprasu,ফলপ্রসু,ফালপ্রসু,ফলপ্রসু
fals,ফলস,ফোলস,ফলস
phals,ফলস,ফালস,ফলস
foling,ফলিং,ফোলিং,ফলিং
fiberer,ফাইবারের,ফিবারের,ফাইবারের
fander,ফান্ডের,ফাঁদের,ফান্ডের
farsi,ফার্সী,ফার্সি,ফার্সী
fifty,ফিফটি,ফিইটি,ফিফটি
phiristara,ফিরিশতারা,ফিরিস্টার,ফিরিশতারা
filipine,ফিলিপাইন,ফিলিপিনে,ফিলিপাইন
feesh,ফিস,ফেস,ফিস
fiis,ফিস,ফিশ,ফিস
fish,ফিস,ফিশ,ফিস
phees,ফিস,ফেস,ফিস
phis,ফিস,ফিশ,ফিস
phisa,ফিস,ফিশ,ফিস
phisha,ফিস,ফিশ,ফিস
footbalarke,ফুটবলারকে,ফুটবারকে,ফুটবলারকে
february,ফেব্রুয়ারী,ফেব্রুরি,ফেব্রুয়ারী
februyari,ফেব্রুয়ারী,ফেববরায়ারি,ফেব্রুয়ারী
phebruary,ফেব্রুয়ারী,ফেবরারি,ফেব্রুয়ারী
phebruyari,ফেব্রুয়ারী,ফেববরাইয়ারি,ফেব্রুয়ারী
faculty,ফ্যাকাল্টি,ফাউক্টি,ফ্যাকাল্টি
franciscore,ফ্রান্সিসকোর,ফ্রান্সিসরে,ফ্রান্সিসকোর
phlaim,ফ্লাইং,ফ্লাইম,ফ্লাইং
phlem,ফ্লাইং,ফ্লেম,ফ্লাইং
phlying,ফ্লাইং,ফ্লেইং,ফ্লাইং
bongshodhara,বংশধারা,বংশধররা,বংশধারা
bongshodvuto,বংশোদ্ভুত,বংশোদ্ভূত,বংশোদ্ভুত
baga,বগা,বাগা,বগা
bongobondhke,বঙ্গবন্ধুকে,বংগবন্ধকে,বঙ্গবন্ধুকে
bongoposagor,বঙ্গোপসাগর,বঙ্পজাগর,বঙ্গোপসাগর
bongoposagorey,বঙ্গোপসাগরে,বঙ্গপাগরে,বঙ্গোপসাগরে
bangoposagarer,বঙ্গোপসাগরের,বঙ্গপসগরের,বঙ্গোপসাগরের
batuta,বতুতা,ব্যাুট,বতুতা
botuta,বতুতা,বটুটা,বতুতা
botutar,বতুতার,বতুটার,বতুতার
bondiidosa,বন্দীদশা,বন্দিদাসা,বন্দীদশা
bondiider,বন্দীদের,বন্দিদের,বন্দীদের
bondukdhari,বন্দুকধারী,বন্দুধকারী,বন্দুকধারী
bondukdharira,বন্দুকধারীরা,বন্দুকধররীরা,বন্দুকধারীরা
banduker,বন্দুকের,বানদুকের,বন্দুকের
bondhur,বন্ধুর,বনধুর,বন্ধুর
bandhura,বন্ধুরা,বাঁধুরা,বন্ধুরা
bandhuraa,বন্ধুরা,বাঁধুরা,বন্ধুরা
bondhura,বন্ধুরা,বনধুরা,বন্ধুরা
bandhaa,বন্ধ্যা,বন্ধা,বন্ধ্যা
bondha,বন্ধ্যা,বন্ধা,বন্ধ্যা
bannopraanii,বন্যপ্রাণী,বন্নপ্রাণী,বন্যপ্রাণী
barancha,বরঞ্চ,বারাঞ্চ,বরঞ্চ
borancha,বরঞ্চ,বররাঞ্চ,বরঞ্চ
bornil,বর্ণীল,বর্ণিল,বর্ণীল
bolte,বলতে,বলটে,বলতে
baltei,বলতেই,বলটেই,বলতেই
bosantakale,বসন্তকালে,বসন্তাকালে,বসন্তকালে
bosantapur,বসন্তপুর,বসন্তাপুর,বসন্তপুর
bossontopoor,বসন্তপুর,বস্ননতপুর,বসন্তপুর
bosstonter,বসন্তের,বস্তনটের,বসন্তের
bosobassroto,বসবাসরত,বসবাস্ত,বসবাসরত
behrampore,বহরমপুর,বেহ্মপুরে,বহরমপুর
bohorompur,বহরমপুর,বহরমুপুর,বহরমপুর
behrampore,বহরমপুরে,বেহ্মপুরে,বহরমপুরে
baankaano,বাঁকানো,বাঙকান,বাঁকানো
bashi,বাঁশি,বাসি,বাঁশি
bashir,বাঁশির,বাসির,বাঁশির
bang,বাং,বাঙ,বাং
baangkaare,বাংকারে,বাঙকারে,বাংকারে
baangkaarer,বাংকারের,বাঙককরর,বাংকারের
baangkarer,বাংকারের,বাঙকের,বাংকারের
bangkarer,বাংকারের,বাঙ্কারের,বাংকারের
bankerer,বাংকারের,ব্যাংকেরের,বাংকারের
baksaler,বাকশালের,বাকশলের,বাকশালের
bug,বাগ,বুগ,বাগ
baji,বাজী,বাজি,বাজী
banijjikbhabe,বাণিজ্যিকভাবে,বানিজ্যিকভাবে,বাণিজ্যিকভাবে
badhle,বাধলে,বাঁধে,বাধলে
badhley,বাধলে,বাঁধে,বাধলে
bani,বানি,বানী,বানি
bardsh,বার্ডস,বর্দস,বার্ডস
baset,বাসেত,বাসেট,বাসেত
bikretar,বিক্রেতার,বিক্রেটার,বিক্রেতার
bidrohi,বিদ্রোহী,বিদ্রহী,বিদ্রোহী
bidrohikey,বিদ্রোহীকে,বিদ্রহীকে,বিদ্রোহীকে
biplobike,বিপ্লবীকে,বিপ্লববককে,বিপ্লবীকে
biplabeera,বিপ্লবীরা,বিপ্লবেরা,বিপ্লবীরা
bifor,বিফোর,বিফর,বিফোর
biphor,বিফোর,বিফফর,বিফোর
bibhrat,বিভ্রাট,বিভ্রত,বিভ্রাট
bivrat,বিভ্রাট,বিভ্রত,বিভ্রাট
birashi,বিরাশি,বিরশি,বিরাশি
bishari,বিরাশি,বিসারী,বিরাশি
bilate,বিলাতে,বিলতে,বিলাতে
bilatey,বিলাতে,বিলতে,বিলাতে
bilet,বিলেত,বিলেট,বিলেত
billet,বিলেত,বিলেট,বিলেত
buildaers,বিল্ডার্স,বিল্দার্স,বিল্ডার্স
bishashti,বিশ্বাসটি,বিশাসটি,বিশ্বাসটি
bisesaggo,বিষেশজ্ঞ,বিশেষজ্ঞ,বিষেশজ্ঞ
biseshaggo,বিষেশজ্ঞ,বিশেষজ্ঞ,বিষেশজ্ঞ
biseshagya,বিষেশজ্ঞ,বিশেষজ্ঞ,বিষেশজ্ঞ
biseshagyo,বিষেশজ্ঞ,বিশেষজ্ঞ,বিষেশজ্ঞ
bisheshagga,বিষেশজ্ঞ,বিশেষজ্ঞ,বিষেশজ্ঞ
bisheshaggo,বিষেশজ্ঞ,বিশেষজ্ঞ,বিষেশজ্ঞ
bisheshagyo,বিষেশজ্ঞ,বিশেষজ্ঞ,বিষেশজ্ঞ
bisheshoggo,বিষেশজ্ঞ,বিশেষজ্ঞ,বিষেশজ্ঞ
vishnur,বিষ্ণুর,ভিষ্ণুর,বিষ্ণুর
bishorgo,বিসর্গ,বিশ্রো,বিসর্গ
biharke,বিহারকে,বিহররকে,বিহারকে
bihari,বিহারি,বিহারী,বিহারি
biiharii,বিহারি,বিহরী,বিহারি
biharider,বিহারিদের,বিহারীদের,বিহারিদের
birshreshtha,বীরশ্রেষ্ঠ,বির্ষেষ্ঠ,বীরশ্রেষ্ঠ
birshreshtho,বীরশ্রেষ্ঠ,বির্ষেষ্ঠ,বীরশ্রেষ্ঠ
birjopaat,বীর্যপাত,বির্যপাত,বীর্যপাত
beerjobaan,বীর্যবান,বীর্বজন,বীর্যবান
bourjeois,বুর্জোয়া,বার্জজিস,বুর্জোয়া
boostar,বুস্টার,বস্তার,বুস্টার
booster,বুস্টার,বস্তের,বুস্টার
bustara,বুস্টার,বসস্তার,বুস্টার
brittanta,বৃত্তান্ত,বৃত্নত্ত,বৃত্তান্ত
brittanto,বৃত্তান্ত,বৃত্নত্ব,বৃত্তান্ত
britha,বৃথা,বৃথ,বৃথা
bekim,বেকিং,বেকিম,বেকিং
byaataa,বেটা,ব্যতটা,বেটা
bettaar,বেটার,বেতার,বেটার
bettar,বেটার,বেতার,বেটার
beeneefit,বেনিফিট,বিনেফিত,বেনিফিট
beneefeet,বেনিফিট,বেনেফিত,বেনিফিট
beneefit,বেনিফিট,বেনিফিত,বেনিফিট
benefit,বেনিফিট,বেনেফিত,বেনিফিট
benifeet,বেনিফিট,বেনিফিত,বেনিফিট
benifit,বেনিফিট,বেনিফিত,বেনিফিট
benifita,বেনিফিট,বেনিফিত,বেনিফিট
beralbhee,বেরলভী,বারালভী,বেরলভী
berlovii,বেরলভী,বার্লভভী,বেরলভী
berolvee,বেরলভী,বেরভলভ,বেরলভী
beelfast,বেলফাস্ট,বিলফসস্ট,বেলফাস্ট
belafasta,বেলফাস্ট,বেলাফস্ট,বেলফাস্ট
besheerbhaag,বেশিরভাগ,বেশীরভাগ,বেশিরভাগ
bodhe,বোধে,বধে,বোধে
boonpart,বোনাপার্ট,বন্ার্ট,বোনাপার্ট
boore,বোর,বুরে,বোর
bora,বোর,বরা,বোর
bore,বোর,বরে,বোর
borhes,বোর্হেস,বরহেস,বোর্হেস
bouddhader,বৌদ্ধদের,বৌদ্ধাদের,বৌদ্ধদের
bakoron,ব্যকরণ,বাকরণ,ব্যকরণ
bakron,ব্যকরণ,ব্যাকরর,ব্যকরণ
byatikrom,ব্যতিক্রম,ব্যাতিক্রম,ব্যতিক্রম
byateekromer,ব্যতিক্রমের,ব্যাতিক্রমের,ব্যতিক্রমের
byahato,ব্যহত,ব্যাহাত,ব্যহত
byahoto,ব্যহত,ব্যবহত,ব্যহত
byaghra,ব্যাঘ্র,ব্যাঘররা,ব্যাঘ্র
bang,ব্যাঙ,বাঙ,ব্যাঙ
bangke,ব্যাঙকে,ব্যাংকে,ব্যাঙকে
battel,ব্যাটেল,ব্যাটলেল,ব্যাটেল
bettle,ব্যাটেল,বেতলে,ব্যাটেল
badmintan,ব্যাডমিন্টন,বাদমিন্তন,ব্যাডমিন্টন
badminton,ব্যাডমিন্টন,ব্যামিন্তন,ব্যাডমিন্টন
banner,ব্যানার,বান়ানার,ব্যানার
bannerer,ব্যানারের,ব্যান্রের,ব্যানারের
byabilaniya,ব্যাবিলনিয়া,ব্যবিলিয়ান,ব্যাবিলনিয়া
babyloner,ব্যাবিলনের,বাবিলনের,ব্যাবিলনের
browsere,ব্রাউজারে,ব্রসেরে,ব্রাউজারে
brand,ব্রান্ড,ব্র্যান্ড,ব্রান্ড
brushh,ব্রাশ,ব্রুশ,ব্রাশ
breekim,ব্রেকিং,বৃকিম,ব্রেকিং
blagaar,ব্লগার,ব্লাগার,ব্লগার
bloger,ব্লগার,ব্লোজার,ব্লগার
bloggar,ব্লগার,ব্লো্ার,ব্লগার
blagaarader,ব্লগারদের,ব্লাগারদের,ব্লগারদের
blaak,ব্লাক,ব্লক,ব্লাক
black,ব্লাক,ব্লক,ব্লাক
blazar,ব্লেজার,ব্লাজার,ব্লেজার
blackmaeel,ব্ল্যাকমেইল,ব্লাকামেল,ব্ল্যাকমেইল
botso,বৎস,বৎশো,বৎস
bhajohori,ভজহরি,ভাজররী,ভজহরি
vojohori,ভজহরি,ভজোরী,ভজহরি
bhobshyat,ভবিষ্যৎ,ভব্ষ্যত,ভবিষ্যৎ
vobisshot,ভবিষ্যৎ,ভবিষ্যত,ভবিষ্যৎ
bhabisshatke,ভবিষ্যৎকে,ভবিষ্যাতকে,ভবিষ্যৎকে
vobissotke,ভবিষ্যৎকে,ভবিষ্যতকে,ভবিষ্যৎকে
bhorke,ভরকে,ভোর্ক,ভরকে
varsar,ভরসার,ভার্সার,ভরসার
bhorer,ভরের,ভররের,ভরের
vorer,ভরের,ভররের,ভরের
vortukir,ভর্তুকির,ভর্তুকীর,ভর্তুকির
voltea,ভল্টে,ভোলতে,ভল্টে
vataa,ভাঁটা,ভাটা,ভাঁটা
bhaaio,ভাইও,ভাইওও,ভাইও
vaiboner,ভাইবোনের,ভাইবনের,ভাইবোনের
bhaandaree,ভাণ্ডারী,ভান্ডারী,ভাণ্ডারী
bhandaaree,ভাণ্ডারী,ভান্ডারী,ভাণ্ডারী
bhandaarer,ভাণ্ডারের,ভান্ডারের,ভাণ্ডারের
bhata,ভাতা,ভাটা,ভাতা
bhaasaar,ভাষার,ভাসার,ভাষার
bhaasaaro,ভাষারও,ভাসারও,ভাষারও
bhittite,ভিত্তিতে,ভিতিতে,ভিত্তিতে
vuna,ভুনা,ভূন,ভুনা
bhumadhya,ভূমধ্য,ভূমাঢ্যা,ভূমধ্য
bhumadya,ভূমধ্য,ভূমা্যা,ভূমধ্য
vetoo,ভেটো,ভেতু,ভেটো
weto,ভেটো,ভয়,ভেটো
bhojsova,ভোজসভা,ভোষসভা,ভোজসভা
bhouto,ভৌত,ভৌট,ভৌত
vouto,ভৌত,ভৌট,ভৌত
bhyatiqana,ভ্যাটিকান,ভ্যাতিকান,ভ্যাটিকান
vatican,ভ্যাটিকান,ভাটিকান,ভ্যাটিকান
vaticane,ভ্যাটিকানে,ভাতিকানে,ভ্যাটিকানে
bhraman,ভ্রমণ,ভ্রামান,ভ্রমণ
vraman,ভ্রমণ,ভ্রামান,ভ্রমণ
bhraman,ভ্রমন,ভ্রামান,ভ্রমন
bhromone,ভ্রমনে,ভ্রমণে,ভ্রমনে
bhramaner,ভ্রমনের,ভ্রমানের,ভ্রমনের
bhromoner,ভ্রমনের,ভ্রমণের,ভ্রমনের
bhruner,ভ্রুনের,ভ্রুণের,ভ্রুনের
vruner,ভ্রুনের,ভ্রূণের,ভ্রুনের
mokoddoma,মকদ্দমা,মোকদ্দম,মকদ্দমা
mozlise,মজলিশে,মজলিসে,মজলিশে
mozliser,মজলিশের,মজলিসের,মজলিশের
mozlisher,মজলিশের,মজলিসের,মজলিশের
monjeel,মঞ্জিল,মঞ্জেল,মঞ্জিল
monjiler,মঞ্জিলের,মঞ্জলের,মঞ্জিলের
momju,মঞ্জু,মম্জু,মঞ্জু
monju,মঞ্জু,মঞ্জ,মঞ্জু
modify,মডিফাই,মদিফী,মডিফাই
modiphai,মডিফাই,মদিফাই,মডিফাই
maudelra,মডেলরা,মাউদেরা,মডেলরা
modelra,মডেলরা,মোদলারা,মডেলরা
mon,মণ,মন,মণ
moun,মণ,মৌন,মণ
mot,মত,মট,মত
moto,মতও,মত,মতও
motou,মতও,মতু,মতও
motanusare,মতানুসারে,মোটনাসরে,মতানুসারে
motanushare,মতানুসারে,মতনাসুরে,মতানুসারে
motamot,মতামত,মোটামত,মতামত
motamotkey,মতামতকে,মতাাততে,মতামতকে
motamoter,মতামতের,মতামোতের,মতামতের
manahputo,মনঃপূত,মানাহপুত,মনঃপূত
manohputa,মনঃপূত,মনহুপতত,মনঃপূত
manohputo,মনঃপূত,মনহপুত,মনঃপূত
monohpoota,মনঃপূত,মনোপুতা,মনঃপূত
monohputa,মনঃপূত,মনপুতত,মনঃপূত
manument,মনুমেন্ট,ম্যানমেন্ট,মনুমেন্ট
monumeent,মনুমেন্ট,মনমমেন্ট,মনুমেন্ট
monument,মনুমেন্ট,মনিমেন্ট,মনুমেন্ট
maner,মনের,মানের,মনের
manonita,মনোনীত,মননিত,মনোনীত
morphine,মরফিন,মরফিনে,মরফিন
mortorer,মর্টারের,মর্তরের,মর্টারের
mornin,মর্নিং,মর্ণিন,মর্নিং
mali,মলি,মালি,মলি
mally,মলি,মালি,মলি
moli,মলি,মললী,মলি
moshjidgulo,মসজিদগুলো,মস্জিগুলো,মসজিদগুলো
moshzidgulo,মসজিদগুলো,মস্জিগুলো,মসজিদগুলো
moshjidgulor,মসজিদগুলোর,মস্জিগুলোর,মসজিদগুলোর
moshjidtite,মসজিদটিতে,মস্যুদিতে,মসজিদটিতে
moshzide,মসজিদে,মশ্জীদে,মসজিদে
mosjider,মসজিদের,মস্জিদের,মসজিদের
mahanobi,মহানবী,মহনবী,মহানবী
mohashunye,মহাশূন্যে,মহাসুন্যে,মহাশূন্যে
mohasoonn,মহাশূন্যে,মহাসুন,মহাশূন্যে
mohasunne,মহাশূন্যে,মহাসন্নে,মহাশূন্যে
mahashuner,মহাশূন্যের,মহাশুনের,মহাশূন্যের
mohisee,মহিষী,মহিসী,মহিষী
mohishy,মহিষী,মহিষি,মহিষী
moheeser,মহিষের,মহিশের,মহিষের
mohisher,মহিষের,মহিশের,মহিষের
maaelsh,মাইলস,মেলস,মাইলস
mailasha,মাইলস,মালাশ,মাইলস
miles,মাইলস,মিলস,মাইলস
mailastana,মাইলস্টোন,মালাস্টন,মাইলস্টোন
mayilstone,মাইলস্টোন,ম্যালস্টন,মাইলস্টোন
mileyer,মাইলের,মিলের,মাইলের
magon,মাগন,মগন,মাগন
machke,মাছকে,মা্চকে,মাছকে
maj,মাজ,মজ,মাজ
maje,মাজে,মজে,মাজে
matrika,মাতৃকা,মাত্রিকা,মাতৃকা
matritter,মাতৃত্বের,মাত্রীত্বের,মাতৃত্বের
matritwer,মাতৃত্বের,মত্তৃত্বের,মাতৃত্বের
madrasey,মাদ্রাজে,মাদ্রাসে,মাদ্রাজে
madrasatir,মাদ্রাসাটির,মাদ্রাসতির,মাদ্রাসাটির
madri,মাদ্রী,মদ্রী,মাদ্রী
mandandey,মানদণ্ডে,মন্দন্ডে,মানদণ্ডে
manabhitoishi,মানবহিতৈষী,মানাভতিসই,মানবহিতৈষী
manabi,মানবী,মানববি,মানবী
manushi,মানুষই,মাুুসি,মানুষই
manusho,মানুষও,মনুষ,মানুষও
manushdeke,মানুষদেরকে,মানুষদেকে,মানুষদেরকে
manushra,মানুষরা,মনসূরা,মানুষরা
manthly,মান্থলি,মন্থলী,মান্থলি
monthly,মান্থলি,মন্থলী,মান্থলি
mandarin,মান্দারিন,মন্দরীা,মান্দারিন
mardok,মারডক,মার্ডক,মারডক
murphy,মারফি,মূর্ফী,মারফি
maarbo,মারবো,মার্ব,মারবো
maarmaa,মারমা,মার্মা,মারমা
marmaa,মারমা,মার্মা,মারমা
marun,মারুন,মরুন,মারুন
markeet,মার্কেট,মার্কটি,মার্কেট
marketer,মার্কেটার,মার্কেটের,মার্কেটার
martinej,মার্টিনেজ,মার্টিনিজ,মার্টিনেজ
malayeeshiya,মালয়েশিয়া,মোলাইয়েশিয়া,মালয়েশিয়া
malayeshiya,মালয়েশিয়া,মোলায়েশিয়া,মালয়েশিয়া
malacca,মালাক্কা,মালাক্া,মালাক্কা
malakka,মালাক্কা,মালককা,মালাক্কা
masakadja,মাসাকাদজা,মাসাকাদা,মাসাকাদজা
masakadjakey,মাসাকাদজাকে,মাসাাদাজকে,মাসাকাদজাকে
masoo,মাসু,মসু,মাসু
mashtara,মাস্টার,মস্তার,মাস্টার
mastar,মাস্টার,মস্তার,মাস্টার
mastara,মাস্টার,মস্তার,মাস্টার
master,মাস্টার,মস্তের,মাস্টার
masterkey,মাস্টারকে,মাস্তারকে,মাস্টারকে
maashtarpeeshh,মাস্টারপিস,মাস্তরর্পীশ,মাস্টারপিস
maastarpeesh,মাস্টারপিস,মাস্টার্েশ,মাস্টারপিস
maastarpiis,মাস্টারপিস,মাস্টার্সিং,মাস্টারপিস
maastarpiish,মাস্টারপিস,মাস্টার্শিপ,মাস্টারপিস
mashtarpiece,মাস্টারপিস,মাস্টারসিপ,মাস্টারপিস
mashterpiece,মাস্টারপিস,মাস্ট্রেপিই,মাস্টারপিস
masterpiis,মাস্টারপিস,মাস্টারপেস,মাস্টারপিস
mahtab,মাহতাব,মাত্তাব,মাহতাব
mew,মিউ,মেভ,মিউ
meter,মিটার,মেটের,মিটার
mithun,মিথুন,মিঠুন,মিথুন
mithena,মিথেন,মিঠেনা,মিথেন
miinii,মিনি,মীনী,মিনি
minir,মিনির,মিনীর,মিনির
mishtata,মিষ্টতা,মিশ্ততা,মিষ্টতা
mijanur,মীজানুর,মিজানুর,মীজানুর
mookhbaundhe,মুখবন্ধে,মুখবান্ধে,মুখবন্ধে
mukhbaundhe,মুখবন্ধে,মুখবুন্ধে,মুখবন্ধে
mukharjir,মুখার্জীর,মুখার্জির,মুখার্জীর
mukherjeer,মুখার্জীর,মুখার্জির,মুখার্জীর
mufteer,মুফতির,মুফটির,মুফতির
musalmander,মুসলমানদের,মুসলামানদের,মুসলমানদের
musolmaner,মুসলমানের,মুসল্মানের,মুসলমানের
mohammadke,মুহাম্মদকে,মহাম্মদে,মুহাম্মদকে
muhammadke,মুহাম্মদকে,মুহাম্মাদকে,মুহাম্মদকে
muhurte,মুহুর্তে,মুহূর্তে,মুহুর্তে
mujjohman,মুহ্যমান,মুজ্যমহন,মুহ্যমান
mujyoman,মুহ্যমান,মুজ্যমান,মুহ্যমান
muzzoman,মুহ্যমান,মুজজমান,মুহ্যমান
mul,মূল,মুল,মূল
muler,মূলের,মুলের,মূলের
musak,মূসক,মুশাক,মূসক
musok,মূসক,মুশক,মূসক
mrittika,মৃত্তিকা,মৃত্যিকা,মৃত্তিকা
mritticar,মৃত্তিকার,মৃত্যিকার,মৃত্তিকার
mrittikar,মৃত্তিকার,মৃত্বিকার,মৃত্তিকার
meil,মেইল,মেল,মেইল
meyil,মেইল,মেল,মেইল
meyilke,মেইলকে,মেলিকে,মেইলকে
maile,মেইলে,মেলে,মেইলে
meile,মেইলে,মেলে,মেইলে
meyile,মেইলে,মেলে,মেইলে
meekanikala,মেকানিকাল,মিকনিক্যাল,মেকানিকাল
mekanikal,মেকানিকাল,মেকানিক্যাল,মেকানিকাল
mekanikala,মেকানিকাল,মেকনিক্যাল,মেকানিকাল
meqaniqala,মেকানিকাল,মেকানিক্যাল,মেকানিকাল
meghere,মেঘেরা,মেঘেরে,মেঘেরা
marriage,মেরেজ,মারিজে,মেরেজ
mesapatamia,মেসোপটেমিয়া,মেসপতাম,মেসোপটেমিয়া
mmehonaj,মেহনাজ,মেহানাজ,মেহনাজ
mongla,মোংলা,মঙ্গল,মোংলা
mokhlesur,মোখলেসুর,মোল্েসুর,মোখলেসুর
mojes,মোজেস,মজেশ,মোজেস
morel,মোরেল,মরিল,মোরেল
morell,মোরেল,মরিল,মোরেল
mausumi,মৌসুমী,মৌসুমি,মৌসুমী
moushumi,মৌসুমী,মৌশুমি,মৌসুমী
moushumii,মৌসুমী,মৌশমি,মৌসুমী
mousumi,মৌসুমী,মৌসুমি,মৌসুমী
mousumy,মৌসুমী,মৌসমি,মৌসুমী
magneesium,ম্যাগনেসিয়াম,মাগনেসিয়াম,ম্যাগনেসিয়াম
magneshium,ম্যাগনেসিয়াম,মাগেনিসিয়াম,ম্যাগনেসিয়াম
myaganeesiyama,ম্যাগনেসিয়াম,ম্যাগনেজিসমমাম,ম্যাগনেসিয়াম
mathev,ম্যাথু,মথেভ,ম্যাথু
mathew,ম্যাথু,মথেও,ম্যাথু
mathu,ম্যাথু,মথু,ম্যাথু
methew,ম্যাথু,মেথেও,ম্যাথু
metheyu,ম্যাথু,মেথেও,ম্যাথু
jatin,যতীন,জাতিন,যতীন
jotin,যতীন,জতিন,যতীন
yatharthata,যথার্থতা,যথার্থ,যথার্থতা
jatheshtoi,যথেষ্টই,জাতেস্বই,যথেষ্টই
jothestoi,যথেষ্টই,জথস্থ্যই,যথেষ্টই
jodu,যদু,জদু,যদু
yado,যদু,যদ,যদু
jadukari,যাদুকরী,জাদুকরি,যাদুকরী
juktarashtro,যুক্তরাষ্ট্র,যুক্তরাস্ত্র,যুক্তরাষ্ট্র
juktorastro,যুক্তরাষ্ট্র,যুক্তরস্ত্র,যুক্তরাষ্ট্র
juktorashtrao,যুক্তরাষ্ট্রও,যুক্তরস্তর,যুক্তরাষ্ট্রও
juktarashtroke,যুক্তরাষ্ট্রকে,যুক্তরাস্ত্রকে,যুক্তরাষ্ট্রকে
jugmabhabe,যুগ্মভাবে,যুগমভাবে,যুগ্মভাবে
jubokke,যুবককে,যুবক্,যুবককে
zubokti,যুবকটির,যুবক্তি,যুবকটির
yete,যেতে,ইয়েট,যেতে
yoni,যোনী,যোনি,যোনী
zonee,যোনী,জোনি,যোনী
rai,রই,রাই,রই
rais,রইস,রাইস,রইস
rakhtokkharon,রক্তক্ষরণ,রক্ষতকরষণ,রক্তক্ষরণ
raktaksharan,রক্তক্ষরণ,রক্ষতকারণ,রক্তক্ষরণ
roktokhoron,রক্তক্ষরণ,রক্তকরষণ,রক্তক্ষরণ
roktokkhoron,রক্তক্ষরণ,রক্তকরষণ,রক্তক্ষরণ
rakhtodan,রক্তদান,রাখতাডান,রক্তদান
rajara,রজার,রাজারা,রজার
razara,রজার,রাজারা,রজার
ranakhetrey,রণক্ষেত্রে,রাকান্ষেত্রে,রণক্ষেত্রে
ranokhetre,রণক্ষেত্রে,রাক্ষণেত্রে,রণক্ষেত্রে
ranjit,রণজিৎ,রঞ্জিত,রণজিৎ
ranojit,রণজিৎ,রাজজিত,রণজিৎ
raunjit,রণজিৎ,রাউজিত,রণজিৎ
ranatori,রণতরী,রানাটরি,রণতরী
ranotoree,রণতরী,রানতীরই,রণতরী
ranotory,রণতরী,রানোটরি,রণতরী
ranotareer,রণতরীর,রনোটরীর,রণতরীর
ranotoreer,রণতরীর,রানতরীর,রণতরীর
rathindra,রথীন্দ্র,রাঠিন্দ্র,রথীন্দ্র
rotheendro,রথীন্দ্র,রথিন্দ্র,রথীন্দ্র
rothindro,রথীন্দ্র,রথিন্দ্র,রথীন্দ্র
rodrigaga,রদ্রিগেজ,রদ্রিগা,রদ্রিগেজ
rodrigez,রদ্রিগেজ,ররদীগেজ,রদ্রিগেজ
romzan,রমযান,রমজান,রমযান
rashi,রশি,রসি,রশি
rashitey,রশিতে,রাশিতে,রশিতে
roshitey,রশিতে,রসিতে,রশিতে
roshalo,রসাল,রোশোলো,রসাল
rohasye,রহস্যে,রহস্যেই,রহস্যে
ranchi,রাঁচি,রঞচচি,রাঁচি
reight,রাইট,রিইট,রাইট
rite,রাইট,রীতে,রাইট
wright,রাইট,ওর়াইট,রাইট
write,রাইট,রাইতে,রাইট
vriting,রাইটিং,ভৃটিং,রাইটিং
raaga,রাগ,রাগা,রাগ
ragiba,রাগীব,রাগিবা,রাগীব
rajtantrer,রাজতন্ত্রের,রাজনতন্ত্রের,রাজতন্ত্রের
rajtontrer,রাজতন্ত্রের,রাজনতন্ত্রের,রাজতন্ত্রের
rajbondider,রাজবন্দীদের,রাজবন্দিদের,রাজবন্দীদের
rajjosabha,রাজ্যসভা,রাজজশবা,রাজ্যসভা
rajjosava,রাজ্যসভা,রাজজজসভা,রাজ্যসভা
rita,রিতা,রীত,রিতা
riform,রিফর্ম,রিফোর্ম,রিফর্ম
ripharma,রিফর্ম,রিফার্ম,রিফর্ম
revishhan,রিভিশন,রেভিশন,রিভিশন
revishion,রিভিশন,রেভিশন,রিভিশন
revisian,রিভিশন,রেভিশন,রিভিশন
resortti,রিসোর্টটি,রেসোর্টি,রিসোর্টটি
rutir,রুটির,রুতির,রুটির
rupak,রুপক,রূপক,রুপক
rupok,রুপক,রূপক,রুপক
rupantarita,রুপান্তরিত,রূপান্তরীত,রুপান্তরিত
roopar,রুপার,রূপার,রুপার
rupar,রুপার,রূপার,রুপার
rooral,রুরাল,রোল,রুরাল
roopi,রূপী,রুপি,রূপী
rupi,রূপী,রুপি,রূপী
recarded,রেকর্ডেড,রেকর্ড,রেকর্ডেড
resin,রেসিন,রেসিং,রেসিন
rabhara,রোভার,রাভারা,রোভার
roover,রোভার,রুভের,রোভার
rovar,রোভার,রভার,রোভার
rower,রোভার,রওভার,রোভার
romantikata,রোমান্টিকতা,রোমান্তিকতা,রোমান্টিকতা
romero,রোমেরো,রোমেরও,রোমেরো
roshaan,রোশান,রসান,রোশান
lav,ল,লাভ,ল
lacq,লক,ল্যাক,লক
lavk,লক,লাভক,লক
lawk,লক,লাক,লক
lukhnow,লখনউ,লুখনো,লখনউ
lokhinder,লখিন্দর,লোখিন্দের,লখিন্দর
lagim,লগিং,লাগিম,লগিং
loggin,লগিং,লোগ্নিং,লগিং
loging,লগিং,লোগিং,লগিং
latari,লটারী,লাটারী,লটারী
licenseti,লাইসেন্সটি,লিকেন্টাটি,লাইসেন্সটি
luxari,লাক্সারি,লুকাসারি,লাক্সারি
laatim,লাটিম,লাটিং,লাটিম
laseeth,লাসিথ,লাসেথ,লাসিথ
lasht,লাস্ট,লেস্ট,লাস্ট
lasta,লাস্ট,লস্ট,লাস্ট
leeflet,লিফলেট,লাইফেট,লিফলেট
leephlet,লিফলেট,লেফলেট,লিফলেট
lifaleta,লিফলেট,লিফললট,লিফলেট
liphaleeta,লিফলেট,লিফালিট,লিফলেট
liberal,লিবারাল,লিবারেল,লিবারাল
lister,লিস্টের,লিস্টার,লিস্টের
luise,লুইজ,লুইস,লুইজ
luiz,লুইজ,লুই,লুইজ
lay,লে,লেই,লে
le,লে,লাই,লে
lech,লেখ,লেচ,লেখ
leetteers,লেটারস,লিটার্স,লেটারস
letarasha,লেটারস,লেটারসস,লেটারস
lewant,লেভান্ট,লিভান্ট,লেভান্ট
lane,লোন,লেন,লোন
loan,লোন,লান,লোন
loap,লোপ,লুপ,লোপ
lomos,লোমশ,লোমস,লোমশ
loower,লোয়ার,লুওয়ার,লোয়ার
looyara,লোয়ার,লোওয়ার,লোয়ার
lower,লোয়ার,লাওয়ার,লোয়ার
shotabdiro,শতাব্দীরও,শতাবদ্রি,শতাব্দীরও
shofi,শফী,শফি,শফী
shambhunath,শম্ভুনাথ,সম্ভুন্থ,শম্ভুনাথ
shambunath,শম্ভুনাথ,সম্বুনন্থ,শম্ভুনাথ
shashok,শাষক,শাসক,শাষক
sikarpore,শিকারপুর,শিকারপর্,শিকারপুর
seekkhokou,শিক্ষকও,শিক্ষক,শিক্ষকও
shikkhako,শিক্ষকও,শিক্ষক,শিক্ষকও
sikkhakao,শিক্ষকও,শিক্ষককাও,শিক্ষকও
shikkhaksaha,শিক্ষকসহ,শিক্ষককাহ,শিক্ষকসহ
shikshaksaha,শিক্ষকসহ,শিক্ষক্ষা,শিক্ষকসহ
sikkhaksaho,শিক্ষকসহ,শিক্ষাক্ষাহ,শিক্ষকসহ
sikkhoksoho,শিক্ষকসহ,শিক্ষকহ,শিক্ষকসহ
shikkha,শিক্ষা,শিক্ষ্ম,শিক্ষা
shikkhake,শিক্ষাকে,শিক্ষকে,শিক্ষাকে
seekkhababosthar,শিক্ষাব্যবস্থার,শিক্ষাব্যস্তার,শিক্ষাব্যবস্থার
sikhte,শিখতে,শিক্তে,শিখতে
shithil,শিথিল,সিথিল,শিথিল
shhinto,শিন্তো,সিন্ত,শিন্তো
shinto,শিন্তো,সিন্ত,শিন্তো
shintoo,শিন্তো,সিনততু,শিন্তো
sinto,শিন্তো,সিন্ত,শিন্তো
shhiping,শিপিং,সিপিং,শিপিং
shipping,শিপিং,সিপ্ংং,শিপিং
sifte,শিফটে,সিফতে,শিফটে
siphte,শিফটে,সিফতে,শিফটে
shifter,শিফটের,সিফটার,শিফটের
shiropao,শিরোপাও,শিরপা,শিরোপাও
shiladoher,শিলাইদহের,শিলাদহের,শিলাইদহের
shilaidaher,শিলাইদহের,শিলিদাহের,শিলাইদহের
silaidaher,শিলাইদহের,সিলাদহের,শিলাইদহের
shilpomaan,শিল্পমান,শিলপমম্যান,শিল্পমান
shilpoman,শিল্পমান,শিল্পমণ,শিল্পমান
shoontki,শুঁটকি,শুনটিকি,শুঁটকি
shootkee,শুঁটকি,শুটকি,শুঁটকি
ssutkee,শুঁটকি,সূত্কি,শুঁটকি
sutkki,শুঁটকি,সূত্কী,শুঁটকি
shoodhrey,শুধরে,সূধ্রে,শুধরে
sudhai,শুধাই,সুধাই,শুধাই
sunten,শুনতেন,সানতেন,শুনতেন
sunun,শুনুন,সুনুন,শুনুন
shunyo,শুন্য,সূন্য,শুন্য
sunno,শুন্য,সুন্য,শুন্য
shunyata,শুন্যতা,সূন্যতা,শুন্যতা
shunyey,শুন্যে,সূন্যে,শুন্যে
soolk,শুল্ক,সোলক,শুল্ক
sulk,শুল্ক,সালক,শুল্ক
sekhaten,শেখাতেন,সেখাতেন,শেখাতেন
sekhe,শেখে,সেখে,শেখে
shaileetey,শৈলীতে,সাইলিতে,শৈলীতে
shoilite,শৈলীতে,সৈলিতে,শৈলীতে
shyootout,শ্যুটআউট,শ্যতুত,শ্যুটআউট
syutaauta,শ্যুটআউট,স্যুটাট,শ্যুটআউট
shlelshshar,শ্লেষ্মার,স্লেলসর,শ্লেষ্মার
shloktee,শ্লোকটি,স্লকটি,শ্লোকটি
shlokti,শ্লোকটি,স্লকটি,শ্লোকটি
sloktee,শ্লোকটি,স্লকটি,শ্লোকটি
slokti,শ্লোকটি,স্লোকটি,শ্লোকটি
shloke,শ্লোকে,স্লোক,শ্লোকে
shlokey,শ্লোকে,স্লোক,শ্লোকে
sloke,শ্লোকে,স্লোক,শ্লোকে
sangkalan,সংকলন,সংকললন,সংকলন
sangkulaner,সংকুলানের,সংকুলনের,সংকুলানের
sangrahakder,সংগ্রাহকদের,সংগ্রহকদের,সংগ্রাহকদের
sanbadmadhyam,সংবাদমাধ্যম,সংবাদমম্যম,সংবাদমাধ্যম
songbadmadhyom,সংবাদমাধ্যম,সংবাদমম্যম,সংবাদমাধ্যম
sangbadmadhyomke,সংবাদমাধ্যমকে,সংবাদমমধকে,সংবাদমাধ্যমকে
songbadmadhyamke,সংবাদমাধ্যমকে,সংবাদমম্যকে,সংবাদমাধ্যমকে
sangasthai,সংস্থাই,সংস্ঞাই,সংস্থাই
songosthai,সংস্থাই,সংগ্ঞাাই,সংস্থাই
shansthake,সংস্থাকে,সাংসথকে,সংস্থাকে
songasthake,সংস্থাকে,সংগ্থাসকে,সংস্থাকে
songosthagulor,সংস্থাগুলোর,সংস্থালগুর,সংস্থাগুলোর
sangosthan,সংস্থান,সংগঠ্থান,সংস্থান
sansthan,সংস্থান,সংস্থন,সংস্থান
shangsthan,সংস্থান,সংস্থন,সংস্থান
shansthan,সংস্থান,সংস্থন,সংস্থান
songasthan,সংস্থান,সংগঠন,সংস্থান
sangosthar,সংস্থার,সংগঠ্ার,সংস্থার
songosthar,সংস্থার,সংগঠার,সংস্থার
sanghita,সংহিতা,সংঘীত,সংহিতা
songhita,সংহিতা,সংহিত,সংহিতা
saudagar,সওদাগর,সৌদাগার,সওদাগর
soudagar,সওদাগর,সৌদাগার,সওদাগর
saodagarer,সওদাগরের,সাদাগরের,সওদাগরের
saodagorer,সওদাগরের,সৌদাগরের,সওদাগরের
soudagarer,সওদাগরের,সৌদারের,সওদাগরের
sangeetkar,সঙ্গীতকার,সংগীতকার,সঙ্গীতকার
sangitagyo,সঙ্গীতজ্ঞ,সংগীতজ্ঞ,সঙ্গীতজ্ঞ
songitagya,সঙ্গীতজ্ঞ,সঙ্গিতজ্ঞ,সঙ্গীতজ্ঞ
sachetanata,সচেতনতা,সচেতনাতঃ,সচেতনতা
sachetanamulok,সচেতনামূলক,সাবেতনামূলক,সচেতনামূলক
sathikvabe,সঠিকভাবে,সাথিকভাবে,সঠিকভাবে
satarkatamulak,সতর্কতামূলক,সতারাতততমক,সতর্কতামূলক
satarkatamulok,সতর্কতামূলক,সতারতাততমুক,সতর্কতামূলক
soteen,সতিন,সতীন,সতিন
sotin,সতিন,সতীন,সতিন
sodkar,সদকার,সোকার,সদকার
sadasyogan,সদস্যগন,সদস্যগণ,সদস্যগন
sadosyogan,সদস্যগন,সদস্যগণ,সদস্যগন
santosh,সন্তোষ,সন্তশ,সন্তোষ
sontosh,সন্তোষ,সন্তঃষ,সন্তোষ
sabrakam,সবরকম,সবরকাম,সবরকম
sobrakam,সবরকম,সবরকাম,সবরকম
samatal,সমতল,সমতাল,সমতল
samotal,সমতল,সমততাল,সমতল
samatoley,সমতলে,সমাতলে,সমতলে
samotale,সমতলে,সমতালে,সমতলে
samataler,সমতলের,সমতালের,সমতলের
samatulya,সমতুল্য,সমমতূল্য,সমতুল্য
samotulya,সমতুল্য,সমমতূল্য,সমতুল্য
somotulyo,সমতুল্য,সমুতূল্য,সমতুল্য
samnwita,সমন্বিত,সম্ন্বিত,সমন্বিত
somonwito,সমন্বিত,সমম্বিত,সমন্বিত
samashtir,সমষ্টির,সমস্তির,সমষ্টির
shomostir,সমষ্টির,সমস্তির,সমষ্টির
samajseva,সমাজসেবা,সমসেজেবা,সমাজসেবা
somazsebar,সমাজসেবার,সমসেবেবার,সমাজসেবার
samaje,সমাজে,সমজে,সমাজে
sommot,সম্মত,সম্মৎ,সম্মত
sammati,সম্মতি,সমমাটি,সম্মতি
sommotee,সম্মতি,সম্মতী,সম্মতি
shomraater,সম্রাটের,সমরাতের,সম্রাটের
sarju,সরযূ,সার্জু,সরযূ
sorasori,সরাসরী,সরাসীরই,সরাসরী
sasta,সস্তা,সষ্ট,সস্তা
sastrik,সস্ত্রীক,সাস্ত্রিক,সস্ত্রীক
sahazlabhbha,সহজলভ্য,সহজ্লভা,সহজলভ্য
sahajlabhbhota,সহজলভ্যতা,সহজালভাত,সহজলভ্যতা
sahozlabhbhata,সহজলভ্যতা,সহজভলতা,সহজলভ্যতা
sahozlabhbhota,সহজলভ্যতা,সহজভলতা,সহজলভ্যতা
sahasaa,সহসা,সাহসা,সহসা
sahinsata,সহিংসতা,সহিনসতা,সহিংসতা
sohingsotake,সহিংসতাকে,সহিংসতকে,সহিংসতাকে
sanma,সাংমা,সন্মা,সাংমা
sipher,সাইফার,সিফের,সাইফার
sakshatkar,সাক্ষাত্কার,সাক্ষাৎকার,সাক্ষাত্কার
sakshatkarey,সাক্ষাত্কারে,সাক্ষাৎকারে,সাক্ষাত্কারে
shakkhatkarey,সাক্ষাত্কারে,সাক্ষাৎকারে,সাক্ষাত্কারে
shakkhyo,সাক্ষ্য,সাক্য,সাক্ষ্য
sakkher,সাক্ষ্যের,সক্ষের,সাক্ষ্যের
sadore,সাদরে,সদরে,সাদরে
shaadore,সাদরে,সাদারে,সাদরে
soner,সানের,সনের,সানের
shaaphollo,সাফল্য,সাফলোল,সাফল্য
saphalyake,সাফল্যকে,সফল্যকে,সাফল্যকে
saphalyaoke,সাফল্যকে,সফল্যকে,সাফল্যকে
shaapholloke,সাফল্যকে,সাফলোলকে,সাফল্যকে
shapholloke,সাফল্যকে,সাফলোকে,সাফল্যকে
saaphalye,সাফল্যে,সাফলে,সাফল্যে
saphalye,সাফল্যে,সফল্যে,সাফল্যে
shapholle,সাফল্যে,সাফলে,সাফল্যে
sabamarin,সাবমেরিন,সাবারীন,সাবমেরিন
submariney,সাবমেরিনে,সুবমারিনে,সাবমেরিনে
sabasqripashana,সাবস্ক্রিপশন,সাবস্কিপণ,সাবস্ক্রিপশন
shubshcription,সাবস্ক্রিপশন,স্বাকস্পিপণ,সাবস্ক্রিপশন
samajeekota,সামাজিকতা,সমাজেককতা,সামাজিকতা
samajikata,সামাজিকতা,সমাজিকতা,সামাজিকতা
samajeekvabe,সামাজিকভাবে,সমাজিকভাবে,সামাজিকভাবে
saaraahoke,সারাহকে,সারাহাকে,সারাহকে
serje,সার্জ,সার্জে,সার্জ
sharge,সার্জ,সার্গে,সার্জ
serwer,সার্ভার,সারভের,সার্ভার
sherwer,সার্ভার,শারভার,সার্ভার
serverkey,সার্ভারকে,সার্ভার্কে,সার্ভারকে
saltha,সালথা,সাল্থা,সালথা
shaltha,সালথা,সাল্থা,সালথা
shaalem,সালেম,সালাম,সালেম
shalem,সালেম,সালাম,সালেম
shalema,সালেম,সালেমা,সালেম
saahosikota,সাহসিকতা,সহসিকতা,সাহসিকতা
shahoshikata,সাহসিকতা,সহসিকতা,সাহসিকতা
ssahosikota,সাহসিকতা,সহসসিকতা,সাহসিকতা
sahosi,সাহসী,সহসি,সাহসী
shaahaabi,সাহাবি,সাহাবী,সাহাবি
shaher,সাহের,শাহের,সাহের
citizenship,সিটিজেনশিপ,চিটিসেনশিপ,সিটিজেনশিপ
cityzenship,সিটিজেনশিপ,চিতিজেন্সিপ,সিটিজেনশিপ
sidhartha,সিদ্ধার্থ,সিধার্থ,সিদ্ধার্থ
sidharthar,সিদ্ধার্থর,সিধার্থার,সিদ্ধার্থর
shinai,সিনাই,সিনইই,সিনাই
sinai,সিনাই,সিনইই,সিনাই
siipiiaii,সিপিআই,সিপিই,সিপিআই
seemfoni,সিম্ফোনি,সিম্ফনি,সিম্ফোনি
simfoni,সিম্ফোনি,সিম্ফনি,সিম্ফোনি
symphony,সিম্ফোনি,সিম্ফনি,সিম্ফোনি
sealvarer,সিলভারের,সেলভারের,সিলভারের
shilbhaarer,সিলভারের,শিলভারের,সিলভারের
silverer,সিলভারের,সাইলভারের,সিলভারের
silmohor,সিলমোহর,সিলমমহর,সিলমোহর
seemito,সীমিত,সিমিত,সীমিত
seemitovabe,সীমিতভাবে,সমিত্বভাবে,সীমিতভাবে
simitovabe,সীমিতভাবে,সিমিতভাবে,সীমিতভাবে
sweet,সুইট,স্বীত,সুইট
shoez,সুজ,সজ,সুজ
sutham,সুঠাম,সূথাম,সুঠাম
sutaran,সুতরাং,সুটার্ন,সুতরাং
sutoran,সুতরাং,সুটরর,সুতরাং
suti,সুতি,সুটি,সুতি
sunishchit,সুনিশ্চিত,সুনিচ্ছিত,সুনিশ্চিত
soommitra,সুমিত্রা,সমম্ত্র,সুমিত্রা
ssumitra,সুমিত্রা,সুমিত্র,সুমিত্রা
sumeetra,সুমিত্রা,সুমিত্র,সুমিত্রা
sumitra,সুমিত্রা,সুমিত্র,সুমিত্রা
soomishto,সুমিষ্ট,সমিষ্ট,সুমিষ্ট
sumishta,সুমিষ্ট,সুমিস্ট,সুমিষ্ট
sumishto,সুমিষ্ট,সমিষ্ট,সুমিষ্ট
suri,সুরই,সুরি,সুরই
suryi,সুরই,সররই,সুরই
surkarer,সুরকারের,সূরকারের,সুরকারের
shoorir,সুরির,শুরির,সুরির
shurir,সুরির,শুরির,সুরির
soorir,সুরির,সূরির,সুরির
shoore,সুরে,শুরে,সুরে
shure,সুরে,শুরে,সুরে
susangbaddho,সুসংবদ্ধ,সুসংবাদ্ধ,সুসংবদ্ধ
shhushan,সুসান,শুষণ,সুসান
shusan,সুসান,শুসন,সুসান
susana,সুসান,সুসন,সুসান
sushan,সুসান,শুষণ,সুসান
sooch,সূঁচ,সুচ,সূঁচ
such,সূঁচ,সাচ,সূঁচ
shoonchalo,সূঁচালো,সঞ্চল,সূঁচালো
shunchalo,সূঁচালো,সঞ্চল,সূঁচালো
shuutrodhar,সূত্রধর,সূত্রোধার,সূত্রধর
shooborno,সূবর্ণ,শুবর্ণ,সূবর্ণ
shuborno,সূবর্ণ,সুবর্ণ,সূবর্ণ
seecond,সেকেন্ড,সিকন্ড,সেকেন্ড
sekand,সেকেন্ড,সেকান্দ,সেকেন্ড
seqenda,সেকেন্ড,সেকেন্দ,সেকেন্ড
shekand,সেকেন্ড,সেকান্দ,সেকেন্ড
shekenda,সেকেন্ড,সেকেন্দ,সেকেন্ড
segulo,সেগুলোও,সেগুলো,সেগুলোও
seettee,সেটি,সীটি,সেটি
settii,সেটি,স্টেটি,সেটি
sheeti,সেটি,শীটি,সেটি
sheti,সেটি,শ্যাটি,সেটি
shettee,সেটি,স্টেটি,সেটি
shetti,সেটি,শ্যটি,সেটি
shheti,সেটি,শ্যাটি,সেটি
sedikey,সেদিকে,সেডিকে,সেদিকে
senarai,সেনারাই,সেনারই,সেনারাই
senarao,সেনারাও,সেনারও,সেনারাও
sebhabe,সেভাবে,সেবাভে,সেভাবে
sevabey,সেভাবে,সেবাভে,সেভাবে
selukas,সেলুকাস,সেলুকাশ,সেলুকাস
sehogaal,সেহগাল,শেহগাল,সেহগাল
sehogal,সেহগাল,শেহোগাল,সেহগাল
shombar,সোমবার,সমবার,সোমবার
sasaiti,সোসাইটি,সাসাটি,সোসাইটি
shasiety,সোসাইটি,সাসিটি,সোসাইটি
shhoshiety,সোসাইটি,শোশিটি,সোসাইটি
societi,সোসাইটি,সোিজি,সোসাইটি
soocieti,সোসাইটি,সুসিটি,সোসাইটি
shoubhaggyobosoto,সৌভাগ্যবশত,সভগাযোগ্যবত,সৌভাগ্যবশত
shkiim,স্কিম,স্কিইং,স্কিম
skeem,স্কিম,স্কীম,স্কিম
skiim,স্কিম,স্কিইং,স্কিম
sqeem,স্কিম,স্কীম,স্কিম
sqim,স্কিম,স্কিইং,স্কিম
skime,স্কিমে,স্কিম,স্কিমে
schemer,স্কিমের,স্কেমের,স্কিমের
skoorim,স্কোরিং,স্কোরিম,স্কোরিং
scleerosis,স্ক্লেরোসিস,স্ক্লোরোসিস,স্ক্লেরোসিস
scleroosis,স্ক্লেরোসিস,স্ক্লোরোসিস,স্ক্লেরোসিস
shkleroshisha,স্ক্লেরোসিস,স্কোরোলিশ,স্ক্লেরোসিস
sklarosisa,স্ক্লেরোসিস,স্কোলোরসিস,স্ক্লেরোসিস
sklerasisa,স্ক্লেরোসিস,স্ক্লারেসিস,স্ক্লেরোসিস
storyir,স্টোরির,স্টররইর,স্টোরির
staabhdho,স্তব্ধ,স্টাভ্ধ,স্তব্ধ
sthapotyabid,স্থাপত্যবিদ,স্থাপত্যাদিদ,স্থাপত্যবিদ
sthaponayi,স্থাপনাই,স্থাপনেই,স্থাপনাই
sponsor,স্পন্সর,স্পনসর,স্পন্সর
sparshao,স্পর্শও,স্পারসও,স্পর্শও
sporshe,স্পর্শে,স্পোর্ষে,স্পর্শে
shpeech,স্পিচ,স্পেচ,স্পিচ
speech,স্পিচ,স্পেচ,স্পিচ
spiich,স্পিচ,স্পীই,স্পিচ
shpokena,স্পোকেন,স্পকেন,স্পোকেন
spakena,স্পোকেন,স্পকেন,স্পোকেন
spoken,স্পোকেন,স্পকণ,স্পোকেন
spokena,স্পোকেন,স্পকেন,স্পোকেন
spooken,স্পোকেন,স্পুকন,স্পোকেন
spookena,স্পোকেন,স্পুকেন,স্পোকেন
shplinter,স্প্লিন্টার,স্প্লিন্টের,স্প্লিন্টার
sbatantra,স্বতন্ত্র,স্বনতন্ত্র,স্বতন্ত্র
sbatantro,স্বতন্ত্র,স্বনতত্র,স্বতন্ত্র
swarastro,স্বরাষ্ট্র,স্বরস্ত্র,স্বরাষ্ট্র
swalpata,স্বল্পতা,স্বলপাত,স্বল্পতা
swalpotar,স্বল্পতার,স্বলপতার,স্বল্পতার
swoplotar,স্বল্পতার,স্বপ্লতার,স্বল্পতার
sharthoke,স্বার্থকে,সার্থকে,স্বার্থকে
swarthake,স্বার্থকে,স্বর্থকে,স্বার্থকে
swarthoke,স্বার্থকে,স্বর্থকে,স্বার্থকে
sharthei,স্বার্থেই,সার্থেই,স্বার্থেই
smaranika,স্মরণিকা,স্মরাণিকা,স্মরণিকা
smaronika,স্মরণিকা,সমররণিকা,স্মরণিকা
sharokgrontho,স্মারকগ্রন্থ,শারক্রগণ্ত,স্মারকগ্রন্থ
smarakgrontha,স্মারকগ্রন্থ,স্মাগার্ক্রন্্ত,স্মারকগ্রন্থ
smarokgrantha,স্মারকগ্রন্থ,স্মারক্রমর্্ত,স্মারকগ্রন্থ
smarokti,স্মারকটি,সমরককটি,স্মারকটি
sritifalak,স্মৃতিফলক,স্রৃতিফলক,স্মৃতিফলক
slam,স্লাম,স্ল্যাম,স্লাম
haibar,হইবার,হাইবার,হইবার
hachchilo,হচ্ছিল,হচচছিল,হচ্ছিল
hathat,হঠাৎ,হাঁাত,হঠাৎ
honudrasey,হন্ডুরাসে,হনুদ্রাসে,হন্ডুরাসে
honduruser,হন্ডুরাসের,হন্দুরুষের,হন্ডুরাসের
horin,হরিণ,হরিন,হরিণ
harinkey,হরিণকে,হরীঙকে,হরিণকে
haridwarer,হরিদ্বারের,হরিদ্বরের,হরিদ্বারের
horidarer,হরিদ্বারের,হরিদারের,হরিদ্বারের
horidbarer,হরিদ্বারের,হরিদবার,হরিদ্বারের
haren,হরেন,হারেন,হরেন
halud,হলুদ,হালুদ,হলুদ
holud,হলুদ,হললুদ,হলুদ
holude,হলুদে,হলদুদে,হলুদে
hostantorer,হস্তান্তরের,হোস্তান্তরের,হস্তান্তরের
highcommission,হাইকমিশন,হাইকোশিসন,হাইকমিশন
hydrocommission,হাইকমিশন,হাইড্রোকেশময়ন,হাইকমিশন
haighcommissioner,হাইকমিশনার,হাইকোমিসনের,হাইকমিশনার
hangeree,হাঙ্গেরী,হাঙ্গেরি,হাঙ্গেরী
hungery,হাঙ্গেরী,হাঙ্গররি,হাঙ্গেরী
hajore,হাজরে,হজরে,হাজরে
hajari,হাজারী,হাজারি,হাজারী
hajareebag,হাজারীবাগ,হারাবিদা,হাজারীবাগ
hajaribag,হাজারীবাগে,হারাভাবাগ,হাজারীবাগে
hajjaro,হাজারো,হজজর,হাজারো
hazaro,হাজারো,হাজারও,হাজারো
harkiulis,হারকিউলিস,হার্কিউলিক্স,হারকিউলিস
herculese,হারকিউলিস,হার্কুলেস,হারকিউলিস
haramooni,হারমোনি,হারামুনী,হারমোনি
harabaar,হারাবার,হরবার,হারাবার
hareechho,হারিছ,হররিচ্ছ,হারিছ
harter,হার্টের,হার্টার,হার্টের
hearter,হার্টের,হার্টার,হার্টের
hallka,হালকা,হাল্কা,হালকা
haalkaabhabe,হালকাভাবে,হালাকভাবে,হালকাভাবে
haalkavabe,হালকাভাবে,হালাকভাবে,হালকাভাবে
halkaavabe,হালকাভাবে,হালাকভাবে,হালকাভাবে
halkabhabe,হালকাভাবে,হালাকভাবে,হালকাভাবে
halkavabe,হালকাভাবে,হালাকভাবে,হালকাভাবে
haalnaagad,হালনাগাদ,হালনাাদ,হালনাগাদ
hallnagad,হালনাগাদ,হলল্নাাদ,হালনাগাদ
halonagad,হালনাগাদ,হলনগাঁদ,হালনাগাদ
hallal,হালাল,হললেল,হালাল
halishohor,হালিশহর,হালিসহর,হালিশহর
haleeshahore,হালিশহরে,হালিশারহে,হালিশহরে
halishohore,হালিশহরে,হালিসহরে,হালিশহরে
hiushton,হিউস্টন,হিউস্টান,হিউস্টন
houston,হিউস্টন,হাস্ট,হিউস্টন
hijriir,হিজরীর,হিজরির,হিজরীর
hidar,হিদার,হিডার,হিদার
heeron,হিরন,হিরণ,হিরন
hiran,হিরন,হিরান,হিরন
hildaa,হিলডা,হিল্ড,হিলডা
heels,হিলস,হেলস,হিলস
hilton,হিল্টন,হিলটন,হিল্টন
hatela,হোটেল,হটেল,হোটেল
hoteeler,হোটেলের,হতিলের,হোটেলের
homeopathik,হোমিওপ্যাথিক,হমিপোথিক,হোমিওপ্যাথিক
homiopathik,হোমিওপ্যাথিক,হমিপতাফিক,হোমিওপ্যাথিক
homiopyathika,হোমিওপ্যাথিক,হমিপ্যাপ্্যাকিকা,হোমিওপ্যাথিক
hoomeoopathic,হোমিওপ্যাথিক,হুমোথিপাপ্কিক,হোমিওপ্যাথিক
horasher,হোরাসের,হরাশের,হোরাসের
wholer,হোলের,ভোলের,হোলের
holdingse,হোল্ডিংস,হলদিংশে,হোল্ডিংস
holdins,হোল্ডিংস,হলদিন্স,হোল্ডিংস
wholdingse,হোল্ডিংস,ভলদিন্ে,হোল্ডিংস
handbill,হ্যান্ডবিল,হান্ডবিল,হ্যান্ডবিল
haindbuk,হ্যান্ডবুক,হাইন্ডুক,হ্যান্ডবুক
handbuq,হ্যান্ডবুক,হা্্দবুক,হ্যান্ডবুক
hendbooq,হ্যান্ডবুক,হেন্ডবুক,হ্যান্ডবুক
hendbuq,হ্যান্ডবুক,হেন্দুবক,হ্যান্ডবুক
harison,হ্যারিসন,হারিসন,হ্যারিসন
harrison,হ্যারিসন,হারিসন,হ্যারিসন
hyarisana,হ্যারিসন,হ্যারিশন,হ্যারিসন
hrosso,হ্রস্ব,হ্রস,হ্রস্ব
